"ID","tb_score","tb_errors","tb_meanrt_correct","tb_meanrt_incorrect","ne_score","ne_errors","ne_meanrt_correct","ne_meanrt_incorrect","mt_score","mt_errors","mt_meanrt_correct","mt_meanrt_incorrect","bcd_score","bcd_lgst_streak","bcd_meanrt_correct","bcd_meanrt_incorrect","bci_score","bci_lgst_streak","bci_meanrt_correct","bci_meanrt_incorrect","sm_score","sm_lgst_streak","sm_meanrt_correct","sm_meanrt_incorrect","cs_score","cs_meanrt_correct","cs_meanrt_incorrect","jm_tot_test_trials","jm_score","jm_errors","jm_complete","jm_meanrt_correct","jm_meanrt_incorrect","jm_tot_ax_trial","jm_ax_score","jm_ax_errors","jm_tot_else_trial","jm_else_score","jm_else_errors","jm_ax_meanrt_correct","jm_ax_meanrt_incorrect","jm_else_meanrt_correct","jm_else_meanrt_incorrect","jm_drt_ax"
"AA101",23,1,956.882352941176,1081,15,3,2506.93333333333,1901.5,24,0,1455.75,NA,5,4,2160.4,1532.33333333333,2,1,5780,6263,6,6,2917.33333333333,854.666666666667,10,4159.1,6927.8,60,39,21,TRUE,748.487179487179,705.842105263158,42,30,12,18,9,9,714.2,824.6,862.777777777778,573.888888888889,-148.577777777778
"AA102",24,0,1145.88235294118,NA,16,2,4800.5,4929,14,10,4712.21428571429,3851.6,2,1,5711.5,2405,1,1,2690,4869.66666666667,10,8,8552,9063,13,9239.38461538462,9810,60,54,6,TRUE,1094.42592592593,1271.66666666667,42,38,4,18,16,2,1032.76315789474,978,1240.875,1418.5,-208.111842105263
"AA103",20,4,980.714285714286,99,13,5,6911.46153846154,4070,15,9,4642.4,4117.5,2,2,9935.5,3885,NA,NA,NA,NA,NA,NA,NA,NA,NA,NA,NA,NA,NA,NA,NA,NA,NA,NA,NA,NA,NA,NA,NA,NA,NA,NA,NA,NA
"AA104",23,1,960.375,NA,15,3,7188.26666666667,3634.66666666667,20,4,4124.4,4936.75,2,1,5535.5,2418,3,3,6058.33333333333,2199.66666666667,3,1,1508.66666666667,5340.6,13,6430.30769230769,6452.5,60,44,16,TRUE,1060.68181818182,1156.44444444444,42,32,10,18,12,6,1127.90625,1110.4,881.416666666667,1214,246.489583333333
"AA105",22,2,991.764705882353,1443.5,12,6,5727.5,7145.83333333333,18,6,3110.94444444444,3581.66666666667,1,1,12618,6601,2,1,5621,2355,6,3,2748,2546.75,13,7667.23076923077,9700,60,50,10,TRUE,1887.22,1503.14285714286,42,40,2,18,10,8,1894.4,NA,1858.5,1503.14285714286,35.9000000000001
"AA108",23,1,906.875,NA,12,6,2167.16666666667,3104.5,19,5,2502.94736842105,2239,2,1,4709,2185,NA,NA,NA,NA,NA,NA,NA,NA,NA,NA,NA,NA,NA,NA,NA,NA,NA,NA,NA,NA,NA,NA,NA,NA,NA,NA,NA,NA
"AA203",24,0,1092.64705882353,NA,15,3,1963.13333333333,2799,16,8,2947.125,4067.375,3,2,8284.66666666667,4448,3,2,3217,2683.66666666667,5,2,3187.4,1890.25,10,4281.1,6616.6,60,50,10,TRUE,1293.66,1919.5,42,37,5,18,13,5,1178.24324324324,2208,1622.15384615385,1631,-443.910602910603
"AA204",23,1,1260.9375,NA,17,1,3993.58823529412,14515,12,12,3793.58333333333,4614.91666666667,2,2,10690.5,3858.33333333333,5,3,5789.6,7342,5,5,3733.2,4300,11,7628.18181818182,18311.25,60,54,6,TRUE,1377.94444444444,2684,42,38,4,18,16,2,1299.44736842105,NA,1564.375,2684,-264.927631578947
"AA301",23,1,981.875,NA,1,17,2057,3978.64705882353,16,8,2149.3125,2665.625,2,1,2679.5,974.666666666667,2,2,3962.5,881,3,2,1920.33333333333,2285.5,8,3387.125,6513.85714285714,NA,NA,NA,NA,NA,NA,NA,NA,NA,NA,NA,NA,NA,NA,NA,NA,NA
"AA302",23,1,1059.875,NA,15,3,2974.46666666667,5871.66666666667,12,12,3226.83333333333,3531.33333333333,1,1,5470,1898.66666666667,0,0,NA,2419,7,5,3045.42857142857,4535.33333333333,9,5796.44444444444,4793,NA,NA,NA,NA,NA,NA,NA,NA,NA,NA,NA,NA,NA,NA,NA,NA,NA
"AA303",24,0,1111.47058823529,NA,13,5,2647,4107.8,15,9,2434.46666666667,2459.44444444444,2,2,4566.5,2192.66666666667,1,1,3780,2291,6,4,2442,2079.66666666667,11,3666.90909090909,2777,NA,NA,NA,NA,NA,NA,NA,NA,NA,NA,NA,NA,NA,NA,NA,NA,NA
"AA304",24,0,1098.94117647059,NA,6,12,3027.5,3880.66666666667,18,6,2628.77777777778,2508.16666666667,1,1,9924,5060.66666666667,0,0,NA,2694.33333333333,3,2,2073.33333333333,3620.66666666667,9,5547.11111111111,5965.5,NA,NA,NA,NA,NA,NA,NA,NA,NA,NA,NA,NA,NA,NA,NA,NA,NA
"AA305",21,3,1052.17647058824,729,6,12,3786,2260.08333333333,14,10,3075.64285714286,3021,1,1,2614,2046,2,2,4402.5,1368,3,3,1829.33333333333,2479.33333333333,NA,NA,NA,NA,NA,NA,NA,NA,NA,NA,NA,NA,NA,NA,NA,NA,NA,NA,NA,NA
"AA306",22,2,1103.17647058824,720.5,15,3,4745.26666666667,3960,11,13,2532,3275.15384615385,2,2,3023.5,1178,2,2,2691,3566.66666666667,3,3,1571.66666666667,1443,NA,NA,NA,NA,NA,NA,NA,NA,NA,NA,NA,NA,NA,NA,NA,NA,NA,NA,NA,NA
"AA307",22,2,804.625,436,13,5,6764.84615384615,11493,18,6,3393,5235,1,1,7146,4654,2,2,9137.5,7305,9,5,8415.77777777778,12479.75,13,8777.46153846154,12026,60,56,4,TRUE,792.946428571429,1185.75,42,40,2,18,16,2,778.65,1305.5,828.6875,1066,-50.0375
"AA308",24,0,1133.35294117647,NA,12,6,3833.91666666667,4789.83333333333,20,4,2149.5,2850.75,2,2,4517,1887,0,0,NA,2826,5,3,2297.8,928.333333333333,NA,NA,NA,NA,NA,NA,NA,NA,NA,NA,NA,NA,NA,NA,NA,NA,NA,NA,NA,NA
"AA309",20,4,1083.15384615385,NA,3,15,9458.66666666667,3677.57142857143,2,22,3830,3655.5,NA,NA,NA,NA,NA,NA,NA,NA,NA,NA,NA,NA,NA,NA,NA,NA,NA,NA,NA,NA,NA,NA,NA,NA,NA,NA,NA,NA,NA,NA,NA,NA
"AA401",20,4,780.266666666667,882,12,6,2489.08333333333,4865.5,12,12,2038.91666666667,2707.91666666667,1,1,5029,1549,0,0,NA,1514.66666666667,6,6,2959.5,5356.33333333333,NA,NA,NA,NA,NA,NA,NA,NA,NA,NA,NA,NA,NA,NA,NA,NA,NA,NA,NA,NA
"AA402",22,2,1485.125,989,16,2,4964.6875,8269,14,10,4285.57142857143,5498.2,2,2,11419.5,8021.66666666667,1,1,8691,6640.33333333333,5,5,9024,4652.33333333333,13,9728.84615384615,15885.5,60,42,18,TRUE,983.595238095238,936.625,42,42,0,18,0,18,983.595238095238,NA,NA,936.625,NA
"AA403",20,4,583.529411764706,589.5,14,4,3081.85714285714,5528.75,13,11,2154.23076923077,2927.36363636364,2,1,3268.5,1080.66666666667,1,1,5883,2620,6,4,2368.83333333333,6006.66666666667,NA,NA,NA,NA,NA,NA,NA,NA,NA,NA,NA,NA,NA,NA,NA,NA,NA,NA,NA,NA
"AA404",22,2,726.1875,610,14,4,2485.92857142857,3389,15,9,2327.06666666667,2978.44444444444,1,1,4814,2778.33333333333,1,1,6031,1428.33333333333,5,2,3434.6,2989,NA,NA,NA,NA,NA,NA,NA,NA,NA,NA,NA,NA,NA,NA,NA,NA,NA,NA,NA,NA
"AA405",23,1,1058.41176470588,120,13,5,4617.38461538462,6603,10,14,5634.8,4992.14285714286,2,2,8449.5,4157,2,2,6989,4522.33333333333,4,4,2639.5,1802.33333333333,NA,NA,NA,NA,NA,NA,NA,NA,NA,NA,NA,NA,NA,NA,NA,NA,NA,NA,NA,NA
"AA406",19,5,969.2,878,14,4,6804.92857142857,9697.25,18,6,3405.88888888889,4960,1,1,9291,2767,3,3,15667.3333333333,6222.33333333333,5,4,3800,4720.66666666667,12,9538.91666666667,13307.3333333333,60,52,8,TRUE,1038.5,1354.4,42,40,2,18,12,6,1034.825,2069.5,1050.75,877.666666666667,-15.925
"AA407",24,0,868.764705882353,NA,4,14,3214,7331.07692307692,13,11,3821.92307692308,3878.72727272727,1,1,4177,3784,0,0,NA,1471.33333333333,4,4,3057.75,4226.66666666667,NA,NA,NA,NA,NA,NA,NA,NA,NA,NA,NA,NA,NA,NA,NA,NA,NA,NA,NA,NA
"AA408",23,1,929.058823529412,789,14,4,4940.21428571429,5502.25,18,6,3105.22222222222,3068.16666666667,3,3,5729,3589,3,2,6139.33333333333,6188.33333333333,2,2,841.5,551,11,7804.45454545455,10964.5,60,45,15,TRUE,716.577777777778,694,42,39,3,18,6,12,728.179487179487,NA,641.166666666667,694,87.0128205128206
"AA409",20,4,790.5625,1055.33333333333,14,4,2299.14285714286,3712.25,15,9,2576.93333333333,2526.88888888889,5,5,4686.6,2674.66666666667,2,1,3408,1893.33333333333,5,5,1858.4,980,NA,NA,NA,NA,NA,NA,NA,NA,NA,NA,NA,NA,NA,NA,NA,NA,NA,NA,NA,NA
"AA411",22,2,1164.13333333333,NA,9,9,3027.33333333333,2404.55555555556,13,11,2661.92307692308,3196.72727272727,3,2,4925,2551,1,1,4020,2713.33333333333,8,6,3952.25,2900,NA,NA,NA,NA,NA,NA,NA,NA,NA,NA,NA,NA,NA,NA,NA,NA,NA,NA,NA,NA
"AB101",20,4,586.133333333333,865.5,17,1,3227.05882352941,1669,18,6,3304.38888888889,2416,2,1,4390,1331.66666666667,NA,NA,NA,NA,NA,NA,NA,NA,NA,NA,NA,NA,NA,NA,NA,NA,NA,NA,NA,NA,NA,NA,NA,NA,NA,NA,NA,NA
"AB102",24,0,931.823529411765,NA,15,3,4029.26666666667,3822,18,6,2244.55555555556,2178,2,1,3032,1337,NA,NA,NA,NA,9,6,3968.33333333333,12622,NA,NA,NA,NA,NA,NA,NA,NA,NA,NA,NA,NA,NA,NA,NA,NA,NA,NA,NA,NA
"AB103",21,3,1025,1149,16,2,4677.875,8594.5,17,7,3879.17647058824,3462,3,2,9714.33333333333,3887,0,0,NA,2113,7,4,3326.14285714286,2946.33333333333,12,5075.75,4844,11,6,5,FALSE,996.833333333333,648,8,4,4,3,2,1,1053.75,648,883,NA,170.75
"AB105 ",21,3,1241.93333333333,903,16,2,6677.375,7152.5,21,3,4581.28571428571,6052,5,4,11968.8,4246.33333333333,2,1,12160.5,5652,4,2,7294,6819,12,7928.66666666667,13031,60,52,8,TRUE,1716.25,1679.71428571429,42,41,1,18,11,7,1683.36585365854,NA,1838.81818181818,1679.71428571429,-155.452328159645
"AB107",24,0,1033.17647058824,NA,15,3,4450.46666666667,4242.33333333333,15,9,2807.73333333333,2971.44444444444,3,2,7073.66666666667,3131,4,4,6628,4275.66666666667,6,3,2959.33333333333,5834,13,6177.38461538462,4542,60,55,5,TRUE,1072.96363636364,1079,42,39,3,18,16,2,1063.79487179487,1416,1095.3125,910.5,-31.5176282051282
"AB108",23,1,676.176470588235,407,16,2,2430.1875,9794.5,16,8,2162.25,3654.5,2,1,3058,3062,NA,NA,NA,NA,NA,NA,NA,NA,NA,NA,NA,NA,NA,NA,NA,NA,NA,NA,NA,NA,NA,NA,NA,NA,NA,NA,NA,NA
"AB201",24,0,812.235294117647,NA,18,0,8036.72222222222,NA,15,9,3207.06666666667,5147.55555555556,3,3,4095.33333333333,2885,3,2,3171.33333333333,2526.33333333333,17,12,10189.4705882353,15758,13,7126.84615384615,7240.5,60,56,4,TRUE,1083.5,NA,42,40,2,18,16,2,1046.875,NA,1175.0625,NA,-128.1875
"AB203",18,6,943.529411764706,837.666666666667,11,7,4026.18181818182,3399.28571428571,18,6,2290.83333333333,2813.83333333333,1,1,3414,5516.66666666667,3,3,3908.66666666667,4161.66666666667,9,7,5015.11111111111,7551,10,5363.6,8413,60,51,9,TRUE,732.921568627451,546.333333333333,42,39,3,18,12,6,747.333333333333,NA,686.083333333333,546.333333333333,61.25
"AB204",24,0,1025.70588235294,NA,14,4,4220.57142857143,6221.5,21,3,3868.85714285714,6231,5,2,10168,8034.66666666667,4,2,11368.75,8018,6,5,3573,2735.66666666667,14,7924.92857142857,13830,60,58,2,TRUE,1171.51724137931,964,42,41,1,18,17,1,1166.39024390244,NA,1183.88235294118,964,-17.4921090387375
"AB205",22,2,1274.125,694,15,3,8532.73333333333,12669.5,13,11,7112.69230769231,9205.63636363636,3,3,12784.6666666667,9750,1,1,2426,1515.33333333333,4,2,3373,2650.33333333333,12,5253.25,4940.66666666667,60,58,2,TRUE,740.327586206897,1165,42,41,1,18,17,1,728.463414634146,NA,768.941176470588,1165,-40.4777618364419
"AB206",22,2,1230.75,1586,17,1,3005.41176470588,6226,19,5,4357,6828,4,3,7009.75,3690.33333333333,0,0,NA,2852,6,4,4052.66666666667,4290.66666666667,11,5136,5868,60,59,1,TRUE,877.830508474576,NA,42,42,0,18,17,1,927.5,NA,755.117647058824,NA,172.382352941176
"AB301",24,0,1085.58823529412,NA,16,2,3967.375,13568,13,11,2219.15384615385,2459.54545454545,2,2,4477.5,2789,1,1,4849,3417.66666666667,6,5,4351.33333333333,3453,NA,NA,NA,NA,NA,NA,NA,NA,NA,NA,NA,NA,NA,NA,NA,NA,NA,NA,NA,NA
"AB302",21,3,1173.66666666667,987,13,5,8526.07692307692,10866.3333333333,22,2,4827.18181818182,6079,5,5,13787.2,11142.6666666667,4,4,6692,6216,9,6,8070.11111111111,24549.6666666667,13,9642.38461538462,8012,30,27,3,FALSE,708.222222222222,586.666666666667,21,20,1,9,7,2,724.1,713,662.857142857143,523.5,61.2428571428571
"AB303",24,0,658.764705882353,NA,17,1,2939.05882352941,2091,16,8,2039.3125,2702.625,4,3,3294,2428.33333333333,4,3,3426.25,4184,6,5,2905.66666666667,3330,10,6063.8,9818.8,60,60,0,TRUE,1211.9,NA,42,42,0,18,18,0,1216.28571428571,NA,1201.66666666667,NA,14.6190476190475
"AB304",24,0,856.176470588235,NA,12,6,2296.41666666667,3714.5,12,12,1876.66666666667,2613.16666666667,2,2,4557.5,4234.33333333333,1,1,7982,2192,6,5,3033.33333333333,4942.33333333333,NA,NA,NA,NA,NA,NA,NA,NA,NA,NA,NA,NA,NA,NA,NA,NA,NA,NA,NA,NA
"AB305",21,3,1164,1846.5,15,3,3505.93333333333,3580.66666666667,7,17,5617.71428571429,6132.94117647059,1,1,11922,1460.5,1,1,2708,954,7,4,4885.71428571429,4627.5,8,8923.375,9535.85714285714,NA,NA,NA,NA,NA,NA,NA,NA,NA,NA,NA,NA,NA,NA,NA,NA,NA
"AB306",21,3,835.3125,575.5,9,9,1957,3094.33333333333,20,4,2495.05,2871,2,2,4255.5,1954.33333333333,1,1,3649,2382.66666666667,6,4,3513.66666666667,7199,10,3995.6,2775.4,60,52,8,TRUE,881.442307692308,959.8,42,38,4,18,14,4,894.289473684211,863.666666666667,846.571428571429,1104,47.718045112782
"AB307",23,1,862.529411764706,537,18,0,5695.22222222222,NA,14,10,3157.35714285714,4331.8,3,2,10925.3333333333,9639.5,2,1,8623.5,10742,5,4,4742.8,4808,11,9241.27272727273,22049.5,60,44,16,TRUE,905.636363636364,719.25,42,36,6,18,8,10,837.555555555556,870.5,1212,643.625,-374.444444444444
"AB308",23,1,972.823529411765,748,12,6,1641.08333333333,2161,14,10,1809.57142857143,1915.8,3,3,3181.33333333333,2232.33333333333,1,1,3861,3923,6,5,3730,3169.75,NA,NA,NA,NA,NA,NA,NA,NA,NA,NA,NA,NA,NA,NA,NA,NA,NA,NA,NA,NA
"AB310",22,2,1036.25,240,17,1,3279.94117647059,3728,5,19,3534,3032.05263157895,3,3,5425,2193,1,1,4445,3963.33333333333,3,1,2329.33333333333,3937.25,NA,NA,NA,NA,NA,NA,NA,NA,NA,NA,NA,NA,NA,NA,NA,NA,NA,NA,NA,NA
"AB311",23,1,1056.625,NA,16,2,2769.5,4346.5,17,7,2647.52941176471,2871.57142857143,4,3,3898.5,1678.33333333333,2,2,4221.5,3036.33333333333,6,6,2845,4577.33333333333,NA,NA,NA,NA,NA,NA,NA,NA,NA,NA,NA,NA,NA,NA,NA,NA,NA,NA,NA,NA
"AB312",24,0,997.588235294118,NA,16,2,4157.1875,4544,16,8,3276.4375,4896.75,NA,NA,NA,NA,3,2,5024,5476.66666666667,8,6,6603.5,12204.3333333333,12,5942.33333333333,11347.3333333333,30,29,1,FALSE,1681.41379310345,NA,21,21,0,9,8,1,1745.42857142857,NA,1513.375,NA,232.053571428571
"AB313",24,0,1026.88235294118,NA,14,4,2768,3130.5,8,16,2277,1850.9375,4,3,6005.25,1826.66666666667,2,2,3718,2032,3,3,2254.33333333333,3835.66666666667,NA,NA,NA,NA,NA,NA,NA,NA,NA,NA,NA,NA,NA,NA,NA,NA,NA,NA,NA,NA
"AB314",21,3,934.9375,371.5,14,4,4470.85714285714,4346.75,13,11,3350.92307692308,2267.09090909091,1,1,3553,2959.33333333333,2,2,3028.5,1302,2,2,820,196.333333333333,14,5365,3749,60,51,9,TRUE,976.705882352941,1064.16666666667,42,40,2,18,11,7,941.4,NA,1105.09090909091,1064.16666666667,-163.690909090909
"AB315",23,1,1132,1396,1,17,2014,2342,11,13,2868.90909090909,1672.23076923077,1,1,4404,2079.33333333333,2,2,8736.5,2063,3,2,1438.66666666667,1898.25,NA,NA,NA,NA,NA,NA,NA,NA,NA,NA,NA,NA,NA,NA,NA,NA,NA,NA,NA,NA
"AB401",16,8,763.214285714286,1126.4,12,6,12416.0833333333,11231,13,11,3629.69230769231,3651.18181818182,1,1,4555,1458.66666666667,1,1,5738,1165.33333333333,6,3,2196.66666666667,2153.6,NA,NA,NA,NA,NA,NA,NA,NA,NA,NA,NA,NA,NA,NA,NA,NA,NA,NA,NA,NA
"AB402",24,0,1294.35294117647,NA,6,12,4043.33333333333,2890.63636363636,12,12,2821.25,3381.91666666667,3,2,2414.66666666667,2104.33333333333,2,1,9697.5,3628.33333333333,2,1,1060,1212,NA,NA,NA,NA,NA,NA,NA,NA,NA,NA,NA,NA,NA,NA,NA,NA,NA,NA,NA,NA
"AB403",23,1,679.352941176471,803,14,4,5430.78571428571,7070.66666666667,18,6,4977.88888888889,5257.66666666667,0,0,NA,15732,1,1,17876,20818,5,2,5344.6,4129.5,12,14783.5,14942.6666666667,60,35,25,TRUE,716.342857142857,394.652173913043,42,27,15,18,8,10,734.925925925926,239.384615384615,653.625,596.5,81.300925925926
"AB405",23,1,971.705882352941,638,13,5,6005.61538461538,5526.25,14,10,4917.28571428571,5235.2,2,1,8526,9663,3,2,16326,9547.66666666667,4,2,4064.5,4783.8,12,9450.41666666667,12452.3333333333,39,30,9,FALSE,1342.83333333333,1983.5,28,23,5,11,7,4,1274.86956521739,1800,1566.14285714286,2167,-291.273291925466
"AB407",23,1,812,NA,13,5,4434.38461538462,4500.25,16,8,3515.5625,3667.5,3,2,7493,4878.33333333333,1,1,1884,2284.66666666667,5,3,8389,11598,12,7137.25,18078.6666666667,60,51,9,TRUE,573.901960784314,652.166666666667,42,42,0,18,9,9,566.690476190476,NA,607.555555555556,652.166666666667,-40.8650793650794
"AB408",24,0,1304.17647058824,NA,15,3,5497.4,9665,13,11,4009.46153846154,4452.81818181818,1,1,5978,3079,2,2,7365.5,9490.66666666667,4,4,5687,7643.66666666667,NA,NA,NA,NA,NA,NA,NA,NA,NA,NA,NA,NA,NA,NA,NA,NA,NA,NA,NA,NA
"AB409",21,3,980.066666666667,487,11,7,4499.90909090909,3954.71428571429,17,7,1978.29411764706,1784.71428571429,2,2,4651,1705.66666666667,2,2,5814.5,2093.33333333333,2,1,3392.5,905,NA,NA,NA,NA,NA,NA,NA,NA,NA,NA,NA,NA,NA,NA,NA,NA,NA,NA,NA,NA
"AB410",24,0,1149.23529411765,NA,15,3,3920.4,6584.66666666667,13,11,2980.15384615385,4268.63636363636,2,2,4898,2511.33333333333,2,1,6414,5627,3,2,3809.66666666667,4243.66666666667,NA,NA,NA,NA,NA,NA,NA,NA,NA,NA,NA,NA,NA,NA,NA,NA,NA,NA,NA,NA
"BA102",22,2,935.0625,709,16,2,4248.3125,4343,13,11,3789.92307692308,4105.90909090909,3,3,7591.33333333333,3370,1,1,6550,2408.66666666667,6,6,3349.66666666667,6404,12,7875.16666666667,10182,60,57,3,TRUE,1032.80701754386,NA,42,40,2,18,17,1,980.275,NA,1156.41176470588,NA,-176.136764705882
"BA103",24,0,855.823529411765,NA,14,4,7092.57142857143,7130,16,8,4401.0625,3415.25,2,2,6423,3731.66666666667,1,1,4984,3244.66666666667,4,3,4060.25,4043.75,11,7460.18181818182,11428.25,60,54,6,TRUE,914.888888888889,563,42,37,5,18,17,1,861.513513513514,NA,1031.05882352941,563,-169.545310015898
"BA104",18,6,1301.28571428571,337,15,3,5307.46666666667,2948,17,7,4842.82352941176,6096.42857142857,1,1,9532,10618,4,2,15772.75,13078.6666666667,3,2,10610.3333333333,16867.6666666667,10,8163.9,6392,16,12,4,FALSE,1450.5,2066,12,9,3,4,3,1,1674.55555555556,NA,778.333333333333,2066,896.222222222222
"BA105",18,6,1188.78571428571,1024.33333333333,15,3,6687.6,18103,16,8,6174.375,7259.125,2,2,8365,7088,NA,NA,NA,NA,NA,NA,NA,NA,NA,NA,NA,NA,NA,NA,NA,NA,NA,NA,NA,NA,NA,NA,NA,NA,NA,NA,NA,NA
"BA201",24,0,940.176470588235,NA,12,6,6691.83333333333,7776.5,16,8,3672.5,3898.75,4,3,7723.5,7113.66666666667,NA,NA,NA,NA,NA,NA,NA,NA,NA,NA,NA,NA,NA,NA,NA,NA,NA,NA,NA,NA,NA,NA,NA,NA,NA,NA,NA,NA
"BA202",23,1,537.764705882353,414,9,9,19285.3333333333,6858,16,8,2834.9375,4968.71428571429,3,2,7961.66666666667,6195.33333333333,2,2,3998,2676.66666666667,7,5,4292.14285714286,26204,13,3842.61538461538,10356,60,42,18,TRUE,467.904761904762,336.866666666667,42,35,7,18,7,11,476.085714285714,316.833333333333,427,350.222222222222,49.0857142857143
"BA203",21,3,437.3125,462.5,16,2,2381.1875,1891,22,2,1613.63636363636,2761.5,3,2,2968,1913.33333333333,NA,NA,NA,NA,NA,NA,NA,NA,NA,NA,NA,NA,NA,NA,NA,NA,NA,NA,NA,NA,NA,NA,NA,NA,NA,NA,NA,NA
"BA302",24,0,954.588235294118,NA,16,2,4025,8126,17,7,5627.41176470588,4449.42857142857,2,1,10392.5,1639.33333333333,2,1,2644.5,1192.33333333333,4,2,2435.5,1267.75,11,6840.81818181818,8905.5,60,43,17,TRUE,930.837209302326,1096.6,42,38,4,18,5,13,926.447368421053,717,964.2,1138.77777777778,-37.7526315789474
"BA303",23,1,841,NA,13,5,3369.38461538462,5270.66666666667,18,6,2743,2854.66666666667,1,1,11468,5977,4,2,6820,4279,5,5,3500,2065,11,6023.18181818182,7030,60,52,8,TRUE,1415.82692307692,1356.4,42,39,3,18,13,5,1312.07692307692,NA,1727.07692307692,1356.4,-415
"BA304",24,0,737.470588235294,NA,16,2,2967.3125,6141.5,18,6,2498.61111111111,4040,2,2,4208,2427,4,2,6645.25,5834.66666666667,6,6,2959.66666666667,9670.33333333333,12,5084.16666666667,10456.6666666667,NA,NA,NA,NA,NA,NA,NA,NA,NA,NA,NA,NA,NA,NA,NA,NA,NA
"BA305",23,1,1341.25,NA,13,5,4397.15384615385,5802.4,12,12,2540,2922.08333333333,2,2,14068,3708.66666666667,2,1,10836.5,2258.66666666667,3,2,2983.66666666667,2025,9,4208.22222222222,7803.33333333333,NA,NA,NA,NA,NA,NA,NA,NA,NA,NA,NA,NA,NA,NA,NA,NA,NA
"BA306",22,2,865.176470588235,145.5,3,15,2641.33333333333,2412.33333333333,12,12,2368.91666666667,2260.33333333333,2,1,5464,3121.66666666667,2,1,2999.5,2731.66666666667,3,2,3025.33333333333,8330.66666666667,12,8616.83333333333,11056,NA,NA,NA,NA,NA,NA,NA,NA,NA,NA,NA,NA,NA,NA,NA,NA,NA
"BA307",20,4,1004.93333333333,1216,17,1,3204.29411764706,2992,20,4,3082.7,4319.75,3,3,8052.33333333333,3837.66666666667,3,3,5693,7088.66666666667,5,3,3663.4,4516.33333333333,10,8481.5,8777.4,60,54,6,TRUE,1070.09259259259,1009.4,42,40,2,18,14,4,973,1081,1347.5,991.5,-374.5
"BA308",24,0,1207.41176470588,NA,16,2,2797.0625,2368.5,10,14,2917.3,2963.5,2,1,4856,3626.66666666667,2,2,5024.5,5094.33333333333,5,5,2609,4538.66666666667,7,5216,6420.75,NA,NA,NA,NA,NA,NA,NA,NA,NA,NA,NA,NA,NA,NA,NA,NA,NA
"BA309",20,4,952.133333333333,826.5,15,3,3793.66666666667,1529,18,6,2766.38888888889,2408.83333333333,3,2,6759.33333333333,3724.66666666667,2,2,5059.5,3182.66666666667,5,3,3458.6,4801,11,3555.54545454545,8278,31,29,2,FALSE,1396.8275862069,NA,21,20,1,10,9,1,1236.1,NA,1754,NA,-517.9
"BA310",23,1,907.1875,NA,11,7,8048.90909090909,4845.33333333333,13,11,3358.07692307692,3454.54545454545,2,1,2987.5,634.666666666667,1,1,5705,6534.33333333333,5,5,2287.8,3332,9,7021.33333333333,14852.3333333333,21,20,1,FALSE,1298.65,NA,15,14,1,6,6,0,1209.92857142857,NA,1505.66666666667,NA,-295.738095238095
"BA311",24,0,1349,NA,16,2,3229.9375,11734.5,15,9,2546.93333333333,2550,3,1,6628.33333333333,1922,3,3,4948.33333333333,3143.66666666667,3,2,3449.33333333333,5446,14,5226.21428571429,3764,NA,NA,NA,NA,NA,NA,NA,NA,NA,NA,NA,NA,NA,NA,NA,NA,NA
"BA312",23,1,1200.47058823529,510,15,3,7454.86666666667,13291,21,3,4831.85714285714,4208.66666666667,2,1,7836.5,7640.66666666667,0,0,NA,6078,4,2,9090.75,9772.75,12,13062.5833333333,26412,60,53,7,TRUE,744.150943396226,988.666666666667,42,41,1,18,12,6,703.658536585366,NA,882.5,988.666666666667,-178.841463414634
"BA316",23,1,1033,837,11,7,2214.45454545455,2444.14285714286,16,8,2802.5,3133.875,1,1,4571,3369.66666666667,3,2,4396.33333333333,3704,3,2,2835.33333333333,5799.5,6,5703.66666666667,3560.66666666667,NA,NA,NA,NA,NA,NA,NA,NA,NA,NA,NA,NA,NA,NA,NA,NA,NA
"BA317",17,7,616.647058823529,765.714285714286,15,3,2099.86666666667,2301.33333333333,6,18,1653.33333333333,2459.5,1,1,1985,2057.33333333333,1,1,2111,1388,6,6,3278,5660.66666666667,5,4693.2,2323.3,60,36,24,TRUE,705.75,789.5,42,27,15,18,9,9,682.185185185185,700,776.444444444444,834.25,-94.2592592592592
"BA318",22,2,992.466666666667,NA,11,7,11122.0909090909,9981,18,6,5302.77777777778,3502.66666666667,3,2,6215.66666666667,7621,2,2,9393.5,4819.66666666667,2,1,4682.5,1304.16666666667,11,7834.54545454545,9159.75,NA,NA,NA,NA,NA,NA,NA,NA,NA,NA,NA,NA,NA,NA,NA,NA,NA
"BB01",24,0,765.705882352941,NA,15,3,6801.4,NA,18,6,4223.16666666667,5609.66666666667,2,2,7174.5,3347.33333333333,1,1,2662,3017.66666666667,8,8,4479,7845.66666666667,12,4824.66666666667,8610,60,1,59,TRUE,1298,NA,42,1,41,18,0,18,1298,NA,NA,NA,NA
"BB02",22,2,731.25,725,14,4,2355.92857142857,2375.75,14,10,2724.42857142857,2234.1,2,2,7118,2629.33333333333,4,4,5507.25,7545.66666666667,7,4,8007.57142857143,8250,13,11729.0769230769,10697.5,60,60,0,TRUE,810.883333333333,NA,42,42,0,18,18,0,810.238095238095,NA,812.388888888889,NA,-2.15079365079373
"BB03",22,2,985.5625,1624,8,10,7232,4654.4,17,7,4161.11764705882,5007,1,1,4045,1774.33333333333,2,2,7471.5,1631.66666666667,3,2,2658,1925.66666666667,15,4771.6,NA,60,53,7,TRUE,658.471698113208,657.857142857143,42,41,1,18,12,6,638.80487804878,385,725.666666666667,703.333333333333,-86.8617886178862
"BB04",21,3,891,1258.33333333333,10,8,4273.9,4811.625,17,7,2501.41176470588,2911.42857142857,2,1,8302,3419.33333333333,2,2,5409,4249.66666666667,6,4,3433.16666666667,2995,9,4129.44444444444,5992.33333333333,60,50,10,TRUE,790.52,644.285714285714,42,39,3,18,11,7,786.487179487179,911,804.818181818182,599.833333333333,-18.3310023310024
"BB05",24,0,1010,NA,12,6,12264.5,12476,19,5,8761.1052631579,13487,2,1,7917.5,4094.33333333333,4,3,9262.75,8971,7,3,6736,6361.6,10,5160,9100.6,1,0,1,FALSE,NA,NA,NA,NA,NA,1,0,1,NA,NA,NA,NA,NA
"BB06",21,3,1084.125,670.5,14,4,8016.92857142857,9812.25,19,5,6953.73684210526,5786.6,3,3,7203,23436.3333333333,4,3,7724.25,12037,6,3,7207.5,7042.33333333333,10,4945.9,8103.8,60,55,5,TRUE,804.290909090909,1383,42,40,2,18,15,3,667.775,1383,1168.33333333333,NA,-500.558333333333
"BB08",18,6,887.071428571429,1110.66666666667,18,0,4588.33333333333,NA,19,5,4071.68421052632,5493.6,2,2,5808.5,4788.66666666667,2,2,10335.5,5045.5,4,4,3640.25,7447.66666666667,7,8946.71428571429,11582.25,60,51,9,TRUE,1107.8431372549,1440,42,38,4,18,13,5,1091.07894736842,1693,1156.84615384615,1313.5,-65.7672064777328
"BB09",21,3,758.9375,571.5,15,3,3283.93333333333,4448.66666666667,23,1,3086.04347826087,2581,2,2,10292.5,4461.33333333333,3,2,7581.66666666667,4609,7,5,5757.14285714286,10234.6666666667,11,4249.18181818182,11068.5,60,56,4,TRUE,996.232142857143,2006,42,40,2,18,16,2,976.225,2006,1046.25,NA,-70.025
"BB11",24,0,950.352941176471,NA,16,2,4943.4375,3976.5,18,6,2776.88888888889,2975.33333333333,2,1,4889.5,4746.33333333333,NA,NA,NA,NA,NA,NA,NA,NA,NA,NA,NA,NA,NA,NA,NA,NA,NA,NA,NA,NA,NA,NA,NA,NA,NA,NA,NA,NA
"BB13",24,0,726,NA,15,3,2069,3120,19,5,1907.73684210526,1568,5,5,4681.6,2829.33333333333,1,1,4268,1398,8,7,3446.25,3001,10,5174.7,6659.2,60,54,6,TRUE,1483.68518518519,2260,42,40,2,18,14,4,1430.95,2182,1634.35714285714,2279.5,-203.407142857143
"BB16",20,4,1136.25,813,12,6,6863.25,6092.5,18,6,4460.55555555556,3121.83333333333,3,2,3517.33333333333,2628,NA,NA,NA,NA,NA,NA,NA,NA,NA,NA,NA,NA,NA,NA,NA,NA,NA,NA,NA,NA,NA,NA,NA,NA,NA,NA,NA,NA
"BB201",18,6,922.384615384615,744,10,8,2120.2,2511.125,16,8,3111.0625,2563,2,1,4547.5,1698,1,1,2134,2614.33333333333,3,3,1101.66666666667,7062,NA,NA,NA,NA,NA,NA,NA,NA,NA,NA,NA,NA,NA,NA,NA,NA,NA,NA,NA,NA
"BB202",22,2,1245.0625,1149,9,9,3090.55555555556,4480.44444444444,15,9,3664.06666666667,3357.66666666667,1,1,16300,2915.66666666667,2,2,7649,4324,4,1,4785.25,2721.75,NA,NA,NA,NA,NA,NA,NA,NA,NA,NA,NA,NA,NA,NA,NA,NA,NA,NA,NA,NA
"BB203",22,2,764.882352941176,624.5,17,1,3412.17647058824,2283,15,9,4235.73333333333,4146.77777777778,4,3,9641,7035.33333333333,3,2,11040.3333333333,4239.33333333333,7,5,3981.57142857143,6189,10,5841.6,8592.6,60,53,7,TRUE,1111.64150943396,1101.2,42,41,1,18,12,6,1004.12195121951,NA,1479,1101.2,-474.878048780488
"BB204",17,7,973.5625,428.5,3,15,2292.66666666667,2070.2,14,10,2796.14285714286,3040.3,1,1,6004,1971.66666666667,0,0,NA,1327,2,1,2409,1241.33333333333,NA,NA,NA,NA,NA,NA,NA,NA,NA,NA,NA,NA,NA,NA,NA,NA,NA,NA,NA,NA
"BB205",24,0,830.764705882353,NA,14,4,2639,3968.5,16,8,2034.8125,2333.875,2,1,4890.5,2572.33333333333,2,2,4249.5,1903.66666666667,9,8,3943.88888888889,5300.33333333333,NA,NA,NA,NA,NA,NA,NA,NA,NA,NA,NA,NA,NA,NA,NA,NA,NA,NA,NA,NA
"BB206",24,0,998.176470588235,NA,9,9,3579,3187,18,6,2033.22222222222,2298.16666666667,6,4,4769.5,1798.66666666667,1,1,4428,3027,8,7,3481.25,3248.66666666667,NA,NA,NA,NA,NA,NA,NA,NA,NA,NA,NA,NA,NA,NA,NA,NA,NA,NA,NA,NA
"BB207",22,2,1325.9375,610,8,10,1866.125,4255.9,7,17,3937.71428571429,2294.41176470588,2,2,8188.5,2264.66666666667,1,1,3905,2004.33333333333,2,2,5505.5,12732.3333333333,NA,NA,NA,NA,NA,NA,NA,NA,NA,NA,NA,NA,NA,NA,NA,NA,NA,NA,NA,NA
"BB208",23,1,1083.4375,NA,16,2,2393.375,3867,17,7,3973.64705882353,3333.28571428571,3,1,6211.66666666667,3261.66666666667,1,1,12901,7036,3,2,2674.66666666667,1657.66666666667,13,3458,3628.5,NA,NA,NA,NA,NA,NA,NA,NA,NA,NA,NA,NA,NA,NA,NA,NA,NA
"BB209",21,3,689.9375,540,10,8,2504.1,4508.25,19,5,1686.52631578947,1878.8,1,1,3255,1947.66666666667,1,1,3584,2804.66666666667,7,6,2931,2510,NA,NA,NA,NA,NA,NA,NA,NA,NA,NA,NA,NA,NA,NA,NA,NA,NA,NA,NA,NA
"BB210",18,6,1183.5,845.666666666667,16,2,4284.1875,5160.5,14,10,4187,3771,1,1,6252,1542.33333333333,3,2,4310.66666666667,1695,3,2,1376.33333333333,1245.33333333333,12,3791.08333333333,6433.33333333333,60,49,11,TRUE,766.612244897959,799.285714285714,42,39,3,18,10,8,686.282051282051,NA,1079.9,799.285714285714,-393.617948717949
"BB211",24,0,883.588235294118,NA,16,2,10417.875,5516,18,6,3311,3975.66666666667,1,1,12682,4837,3,3,6135.33333333333,4433,3,2,3018.66666666667,6413.5,13,8109.92307692308,14861.5,NA,NA,NA,NA,NA,NA,NA,NA,NA,NA,NA,NA,NA,NA,NA,NA,NA
"BB212",22,2,880.4375,51,13,5,6770.92307692308,7142.33333333333,9,15,6424.22222222222,9516.46666666667,3,2,11554.3333333333,8897,0,0,NA,5978.66666666667,3,3,7698,4715,10,5688.5,9795.4,34,24,10,FALSE,840.125,1227.75,24,21,3,10,3,7,777.809523809524,NA,1276.33333333333,1227.75,-498.523809523809
"BB213",22,2,1014.625,1591,0,18,NA,3136.72222222222,13,11,2920.92307692308,3246.72727272727,1,1,10007,2522.33333333333,1,1,6894,4749.33333333333,2,2,2335.5,790.333333333333,NA,NA,NA,NA,NA,NA,NA,NA,NA,NA,NA,NA,NA,NA,NA,NA,NA,NA,NA,NA
"BB214",24,0,913.588235294118,NA,16,2,2898.1875,2599,11,13,2859.45454545455,3421.69230769231,1,1,5685,2695.33333333333,0,0,NA,1955.66666666667,3,2,2528.33333333333,2998,NA,NA,NA,NA,NA,NA,NA,NA,NA,NA,NA,NA,NA,NA,NA,NA,NA,NA,NA,NA
"BB215",21,3,964.5625,718,14,4,9035.57142857143,7884.33333333333,17,7,7062.88235294118,8367.42857142857,3,2,5583,4873.66666666667,0,0,NA,3191,6,3,4527.66666666667,4254.66666666667,10,6383.2,6565.6,30,19,11,FALSE,741.052631578947,615.5,21,16,5,9,3,6,733.25,510,782.666666666667,678.8,-49.4166666666666
"BB216",15,9,917.2,1070.14285714286,15,3,4031.13333333333,3750.66666666667,17,7,3869.76470588235,4699,2,1,12430,829,2,1,3574,1094.66666666667,5,4,4353.2,3458.75,13,6746.76923076923,8867.5,60,49,11,TRUE,707.897959183673,731.222222222222,42,41,1,18,8,10,674.731707317073,NA,877.875,731.222222222222,-203.143292682927
"BB217",22,2,890.8125,202,6,12,2217.66666666667,2037.33333333333,17,7,2643.35294117647,3009.28571428571,2,1,4707,2883,2,1,3320.5,3181.33333333333,4,1,5928.5,9049.5,NA,NA,NA,NA,NA,NA,NA,NA,NA,NA,NA,NA,NA,NA,NA,NA,NA,NA,NA,NA
"BB219",24,0,1266.88235294118,NA,7,11,10376.1428571429,4815.71428571429,15,9,5249.33333333333,5732.55555555556,2,1,5770.5,1548.33333333333,1,1,10028,3518,3,1,7900,21567.75,9,10007.6666666667,8669.16666666667,60,50,10,TRUE,2072.72,2196.4,42,34,8,18,16,2,2054.70588235294,2332.5,2111,1652,-56.294117647059
"BB220",22,2,1491.46666666667,NA,3,15,7375.66666666667,4600.73333333333,12,12,3905.33333333333,3317.66666666667,1,1,7127,4672,1,1,6805,2555.33333333333,3,2,3041.33333333333,2670.66666666667,NA,NA,NA,NA,NA,NA,NA,NA,NA,NA,NA,NA,NA,NA,NA,NA,NA,NA,NA,NA
"BB221",23,1,1180.3125,5,8,10,3561.125,7541,12,12,3027.83333333333,3254.25,2,2,5811,2891.33333333333,2,1,9289,2950.66666666667,2,1,531.5,3644.25,NA,NA,NA,NA,NA,NA,NA,NA,NA,NA,NA,NA,NA,NA,NA,NA,NA,NA,NA,NA
"BB222",20,4,1511.78571428571,1654,14,4,4805.5,7818.66666666667,10,14,4732.4,4060.07142857143,1,1,7008,4009.66666666667,0,0,NA,4771,2,1,1788,4197.75,NA,NA,NA,NA,NA,NA,NA,NA,NA,NA,NA,NA,NA,NA,NA,NA,NA,NA,NA,NA
"BC101",23,1,1036.9375,NA,12,6,4279.16666666667,12560,11,13,4148.72727272727,3808.23076923077,1,1,11254,5901.66666666667,1,1,2878,4067,4,4,2152.25,4704,8,6748.875,8538,60,56,4,TRUE,1658.80357142857,1999.66666666667,42,39,3,18,17,1,1564.51282051282,1833,1875.11764705882,2333,-310.604826546003
"BC102",20,4,893.733333333333,665,10,8,3069.2,3330.125,17,7,2161.52941176471,2360.85714285714,2,1,5247,1771.33333333333,2,2,4372.5,1847.66666666667,7,7,3167,4554.66666666667,NA,NA,NA,NA,NA,NA,NA,NA,NA,NA,NA,NA,NA,NA,NA,NA,NA,NA,NA,NA
"BC103",14,10,1283.33333333333,1066.2,15,3,5717.86666666667,7793,23,1,3068.08695652174,2533,4,4,7646.75,6987.33333333333,3,3,13881.3333333333,26691.6666666667,8,6,8526.5,22215.6666666667,13,5386.30769230769,7098.5,60,54,6,TRUE,1356.90740740741,2090.16666666667,42,40,2,18,14,4,1319.5,2252,1463.78571428571,2009.25,-144.285714285714
"BC104",22,2,1036.35294117647,1070.5,14,4,3811.5,7641.25,9,15,4298.44444444444,3178.6,2,2,9458,1549.33333333333,1,1,3188,2539.33333333333,6,6,2587.16666666667,4081,10,5072.9,4187,50,30,20,FALSE,444.833333333333,385.785714285714,33,27,6,17,3,14,433.518518518519,350,546.666666666667,388.538461538462,-113.148148148148
"BC106",23,1,1010.5625,NA,6,12,1749.16666666667,1827.66666666667,12,12,4293.66666666667,3503.25,0,0,NA,1476.33333333333,1,1,6256,1844.33333333333,3,1,5724,10199,NA,NA,NA,NA,NA,NA,NA,NA,NA,NA,NA,NA,NA,NA,NA,NA,NA,NA,NA,NA
"BC107",23,1,894.3125,NA,18,0,9527.05555555555,NA,18,6,5945.38888888889,5760.33333333333,2,2,9669,11337.3333333333,2,2,12171,2997,4,4,6062.75,8202.66666666667,13,5468.15384615385,6292,60,57,3,TRUE,1160.05263157895,1249.5,42,42,0,18,15,3,1165.88095238095,NA,1143.73333333333,1249.5,22.1476190476189
"BC108",23,1,715.117647058824,485,13,5,6132,4531.8,20,4,2308.2,2867.5,2,1,5025.5,3558.33333333333,1,1,6843,3728.33333333333,5,2,2722.4,1825.6,NA,NA,NA,NA,NA,NA,NA,NA,NA,NA,NA,NA,NA,NA,NA,NA,NA,NA,NA,NA
"BC109",17,7,720,823.333333333333,11,7,9768.27272727273,8677.5,17,7,5101.35294117647,5953.14285714286,1,1,4628,1431.33333333333,2,2,5186.5,3412.33333333333,4,2,2871,2591.75,NA,NA,NA,NA,NA,NA,NA,NA,NA,NA,NA,NA,NA,NA,NA,NA,NA,NA,NA,NA
"BC110",16,8,1196.35714285714,1252.6,17,1,7295.82352941176,8785,17,7,3834.41176470588,4963,2,2,2209,1293.66666666667,1,1,2733,1844.33333333333,3,2,1688.66666666667,1937.14285714286,NA,NA,NA,NA,NA,NA,NA,NA,NA,NA,NA,NA,NA,NA,NA,NA,NA,NA,NA,NA
"BC112",19,5,1086.06666666667,398.666666666667,13,5,6001.07692307692,5866,18,6,3253,4954.33333333333,2,1,3444.5,888,2,2,6861.5,3388.33333333333,2,2,604.5,1436,NA,NA,NA,NA,NA,NA,NA,NA,NA,NA,NA,NA,NA,NA,NA,NA,NA,NA,NA,NA
"BC113",13,11,1317,NA,12,6,8231.58333333333,11384,10,14,7789.9,10266.4285714286,2,1,19190,8790,2,2,11201.5,3628,3,2,10291,6947.625,11,12130.6363636364,34715,60,43,17,TRUE,1997.53488372093,2437.15384615385,42,30,12,18,13,5,1953.53333333333,2299.44444444444,2099.07692307692,2747,-145.54358974359
"C3A02",24,0,793,NA,18,0,2411.33333333333,NA,22,2,1855.86363636364,2274.5,3,2,3057.33333333333,2342.66666666667,NA,NA,NA,NA,NA,NA,NA,NA,NA,NA,NA,NA,NA,NA,NA,NA,NA,NA,NA,NA,NA,NA,NA,NA,NA,NA,NA,NA
"C3A03",19,5,1629.5,NA,13,5,4687.84615384615,3342.8,15,9,2807.2,2548.11111111111,1,1,4296,3284.33333333333,NA,NA,NA,NA,NA,NA,NA,NA,NA,NA,NA,NA,NA,NA,NA,NA,NA,NA,NA,NA,NA,NA,NA,NA,NA,NA,NA,NA
"C3A04",24,0,928,NA,16,2,3122.25,10430,21,3,1822.71428571429,2456.33333333333,3,2,5853.66666666667,1147,NA,NA,NA,NA,NA,NA,NA,NA,NA,NA,NA,NA,NA,NA,NA,NA,NA,NA,NA,NA,NA,NA,NA,NA,NA,NA,NA,NA
"C3A07",13,11,1174.07692307692,930,9,9,2375.44444444444,3547,15,9,2191.53333333333,2244.44444444444,2,2,4048,1580,NA,NA,NA,NA,NA,NA,NA,NA,NA,NA,NA,NA,NA,NA,NA,NA,NA,NA,NA,NA,NA,NA,NA,NA,NA,NA,NA,NA
"C3B04",23,1,923.5,NA,14,4,4591.78571428571,3186.5,19,5,3924.63157894737,5819.8,3,2,7916.33333333333,2908.66666666667,NA,NA,NA,NA,NA,NA,NA,NA,NA,NA,NA,NA,NA,NA,NA,NA,NA,NA,NA,NA,NA,NA,NA,NA,NA,NA,NA,NA
"C3B09",24,0,810.941176470588,NA,13,5,2744.92307692308,4016,18,6,2483.16666666667,3293.5,3,2,4202,2716,NA,NA,NA,NA,NA,NA,NA,NA,NA,NA,NA,NA,NA,NA,NA,NA,NA,NA,NA,NA,NA,NA,NA,NA,NA,NA,NA,NA
"C3B12",22,2,956.941176470588,970.5,17,1,5113.11764705882,7500,18,6,3110.88888888889,3645.5,6,6,7355.16666666667,6339.33333333333,5,5,3393.6,3296.66666666667,19,12,7658.42105263158,10429,11,3940.54545454545,3667.5,60,57,3,TRUE,632.771929824561,NA,42,41,1,18,16,2,613.414634146341,NA,682.375,NA,-68.9603658536586
"C3B14",20,4,1305.85714285714,960,17,1,4995.23529411765,2239,17,7,4867.88235294118,5194.14285714286,4,4,10691.25,5609.33333333333,NA,NA,NA,NA,NA,NA,NA,NA,NA,NA,NA,NA,NA,NA,NA,NA,NA,NA,NA,NA,NA,NA,NA,NA,NA,NA,NA,NA
"C3C02",17,7,1087.71428571429,1298.75,9,9,3657.22222222222,2972.55555555556,14,10,2985.64285714286,2450.1,1,1,5281,5447.33333333333,NA,NA,NA,NA,NA,NA,NA,NA,NA,NA,NA,NA,NA,NA,NA,NA,NA,NA,NA,NA,NA,NA,NA,NA,NA,NA,NA,NA
"C3C04",23,1,1106.25,NA,12,6,3316.75,4878.66666666667,12,12,2237.75,3176.83333333333,2,2,3159.5,4128.33333333333,NA,NA,NA,NA,NA,NA,NA,NA,NA,NA,NA,NA,NA,NA,NA,NA,NA,NA,NA,NA,NA,NA,NA,NA,NA,NA,NA,NA
"C3D02",23,1,696.411764705882,603,16,2,1923.5625,1322.5,17,7,1355.88235294118,1598.42857142857,4,2,2385.25,1128.66666666667,4,4,3225.5,3770.66666666667,10,9,4805,7751.66666666667,11,2988.18181818182,2763.25,60,58,2,TRUE,788.258620689655,924.5,42,41,1,18,17,1,774.243902439024,900,822.058823529412,949,-47.8149210903873
"C3D04",24,0,1324.88235294118,NA,6,12,2537,3006.5,23,1,1887.34782608696,1770,3,3,5242.33333333333,2299.66666666667,NA,NA,NA,NA,NA,NA,NA,NA,NA,NA,NA,NA,NA,NA,NA,NA,NA,NA,NA,NA,NA,NA,NA,NA,NA,NA,NA,NA
"C3D05",16,8,1106.8,438,12,6,1910,2368.5,13,11,2802.92307692308,2728.45454545455,2,2,10328.5,2079.66666666667,NA,NA,NA,NA,NA,NA,NA,NA,NA,NA,NA,NA,NA,NA,NA,NA,NA,NA,NA,NA,NA,NA,NA,NA,NA,NA,NA,NA
"C3D06",22,2,897.588235294118,584.5,6,12,3235.16666666667,3992.83333333333,18,6,2194.44444444444,3124.66666666667,2,1,4513,798.666666666667,3,2,4141.33333333333,762,10,7,7852.3,13626.6666666667,13,3594.76923076923,4423.5,60,51,9,TRUE,950.490196078431,836.6,42,37,5,18,14,4,974.108108108108,815,888.071428571429,851,86.0366795366796
"C3D07",24,0,1128.47058823529,NA,16,2,3554.6875,14643,18,6,2714.5,2767.16666666667,2,2,4175.5,2114.66666666667,2,1,2387,4030.66666666667,13,7,12611.9230769231,11043,13,4238.76923076923,12794.5,60,57,3,TRUE,1069.82456140351,NA,42,41,1,18,16,2,1044.26829268293,NA,1135.3125,NA,-91.0442073170732
"C3D08",23,1,1210.375,NA,4,14,2691.25,3179.61538461538,17,7,3385.35294117647,3363.14285714286,3,2,7249.66666666667,3143,NA,NA,NA,NA,NA,NA,NA,NA,NA,NA,NA,NA,NA,NA,NA,NA,NA,NA,NA,NA,NA,NA,NA,NA,NA,NA,NA,NA
"C3D11",23,1,1080.125,NA,9,9,4242.11111111111,7125,19,5,2380.73684210526,2911.4,3,3,5595.33333333333,1971.66666666667,NA,NA,NA,NA,NA,NA,NA,NA,NA,NA,NA,NA,NA,NA,NA,NA,NA,NA,NA,NA,NA,NA,NA,NA,NA,NA,NA,NA
"C3D12",23,1,1546.1875,NA,10,8,2463.9,2387.5,16,8,2550.125,2851.375,1,1,4296,1721,0,0,NA,7124,4,2,3756,4112,11,5015.18181818182,7522.75,60,55,5,TRUE,981.618181818182,1163,42,42,0,18,13,5,920.714285714286,NA,1178.38461538462,1163,-257.67032967033
"C3D13",23,1,1141.64705882353,1083,17,1,2801.94117647059,2824,18,6,2531.5,3487.83333333333,4,3,5421.75,595,NA,NA,NA,NA,NA,NA,NA,NA,NA,NA,NA,NA,NA,NA,NA,NA,NA,NA,NA,NA,NA,NA,NA,NA,NA,NA,NA,NA
"C3E01",24,0,1557.17647058824,NA,18,0,4716.61111111111,NA,12,12,3614.25,3933.16666666667,1,1,11717,2543,2,2,12812.5,13539,9,8,10089,13675.6666666667,12,13466.8333333333,16641.6666666667,60,57,3,TRUE,1632.28070175439,1834,42,41,1,18,16,2,1588.68292682927,NA,1744,1834,-155.317073170732
"C3E03",20,4,1259,592,9,9,5972.11111111111,5639.25,13,11,4343.46153846154,4525.90909090909,2,1,6687.5,2792,NA,NA,NA,NA,NA,NA,NA,NA,NA,NA,NA,NA,NA,NA,NA,NA,NA,NA,NA,NA,NA,NA,NA,NA,NA,NA,NA,NA
"C3E04",19,5,1338.53846153846,625,11,7,2129.90909090909,1811.28571428571,18,6,1774.83333333333,2222.33333333333,3,2,2674.66666666667,1381.33333333333,NA,NA,NA,NA,NA,NA,NA,NA,NA,NA,NA,NA,NA,NA,NA,NA,NA,NA,NA,NA,NA,NA,NA,NA,NA,NA,NA,NA
"C3E05",22,2,1487.26666666667,NA,5,13,4245.2,3415.53846153846,11,13,3420.09090909091,3595,1,1,4167,2357,NA,NA,NA,NA,NA,NA,NA,NA,NA,NA,NA,NA,NA,NA,NA,NA,NA,NA,NA,NA,NA,NA,NA,NA,NA,NA,NA,NA
"C3E06",23,1,1341.5,NA,6,12,6939.66666666667,4607.41666666667,14,10,3533.14285714286,3796.6,1,1,6929,2866.66666666667,NA,NA,NA,NA,NA,NA,NA,NA,NA,NA,NA,NA,NA,NA,NA,NA,NA,NA,NA,NA,NA,NA,NA,NA,NA,NA,NA,NA
"C3E08",24,0,1360.17647058824,NA,16,2,4193.625,7147.5,18,6,2523.27777777778,2760.16666666667,3,3,4020.33333333333,5847.33333333333,4,2,8922.5,4464.33333333333,9,6,5849.33333333333,4148.25,12,5339.33333333333,12920,NA,NA,NA,NA,NA,NA,NA,NA,NA,NA,NA,NA,NA,NA,NA,NA,NA
"C3E09",23,1,1137.0625,NA,2,16,11301,4090.3125,11,13,2630.36363636364,3383.46153846154,1,1,7436,1259.33333333333,NA,NA,NA,NA,NA,NA,NA,NA,NA,NA,NA,NA,NA,NA,NA,NA,NA,NA,NA,NA,NA,NA,NA,NA,NA,NA,NA,NA
"C3E10",22,2,674.941176470588,531,17,1,2804.41176470588,1860,16,8,2534.75,3103,4,2,6089,2008,1,1,7288,1644,13,7,7946.76923076923,14355.6666666667,12,7595.91666666667,5358.33333333333,56,56,0,FALSE,1007.94642857143,NA,39,39,0,17,17,0,1017.35897435897,NA,986.352941176471,NA,31.0060331825038
"C3F01",23,1,935.4375,NA,15,3,4069.26666666667,4095,14,10,3172.5,3517.2,2,2,4065.5,3736.66666666667,NA,NA,NA,NA,NA,NA,NA,NA,NA,NA,NA,NA,NA,NA,NA,NA,NA,NA,NA,NA,NA,NA,NA,NA,NA,NA,NA,NA
"C3F02",19,5,944.466666666667,554,10,8,3221.3,3967.125,15,9,2600.53333333333,4773.11111111111,2,2,5407.5,4337,NA,NA,NA,NA,NA,NA,NA,NA,NA,NA,NA,NA,NA,NA,NA,NA,NA,NA,NA,NA,NA,NA,NA,NA,NA,NA,NA,NA
"C3F07",23,1,809.4375,NA,14,4,1929.85714285714,5234,20,4,2073.45,3001.5,1,1,4720,1593.66666666667,NA,NA,NA,NA,NA,NA,NA,NA,NA,NA,NA,NA,NA,NA,NA,NA,NA,NA,NA,NA,NA,NA,NA,NA,NA,NA,NA,NA
"C3F08",23,1,1041.8125,NA,12,6,4129.75,2882.8,14,10,5016.57142857143,8775.22222222222,3,2,7641,5113,NA,NA,NA,NA,NA,NA,NA,NA,NA,NA,NA,NA,NA,NA,NA,NA,NA,NA,NA,NA,NA,NA,NA,NA,NA,NA,NA,NA
"C3F09",23,1,1135.6875,NA,14,4,3053.14285714286,4094.25,18,6,2379.22222222222,2725.5,2,1,1996.5,1333.33333333333,NA,NA,NA,NA,NA,NA,NA,NA,NA,NA,NA,NA,NA,NA,NA,NA,NA,NA,NA,NA,NA,NA,NA,NA,NA,NA,NA,NA
"C3F12",24,0,1130.88235294118,NA,14,4,2915.78571428571,3686.66666666667,15,9,1914.26666666667,2827.88888888889,4,4,4299,3722.33333333333,NA,NA,NA,NA,NA,NA,NA,NA,NA,NA,NA,NA,NA,NA,NA,NA,NA,NA,NA,NA,NA,NA,NA,NA,NA,NA,NA,NA
"C3F14",23,1,1113.875,NA,14,4,4593.42857142857,5399,17,7,1903.41176470588,2176.85714285714,2,2,2914,1219.33333333333,NA,NA,NA,NA,NA,NA,NA,NA,NA,NA,NA,NA,NA,NA,NA,NA,NA,NA,NA,NA,NA,NA,NA,NA,NA,NA,NA,NA
"C3F19",24,0,1123.52941176471,NA,16,2,2276.75,2001,18,6,2393,3190,3,3,7174.66666666667,3835.33333333333,NA,NA,NA,NA,NA,NA,NA,NA,NA,NA,NA,NA,NA,NA,NA,NA,NA,NA,NA,NA,NA,NA,NA,NA,NA,NA,NA,NA
"C3F20",15,9,1316.8,304,16,2,3730.8125,6705.5,20,4,2061.8,3019.75,2,2,7167.5,3689,NA,NA,NA,NA,NA,NA,NA,NA,NA,NA,NA,NA,NA,NA,NA,NA,NA,NA,NA,NA,NA,NA,NA,NA,NA,NA,NA,NA
"C3F21",24,0,1114.52941176471,NA,18,0,2742.77777777778,NA,22,2,2291.59090909091,2310.5,4,4,3807,1285.33333333333,NA,NA,NA,NA,NA,NA,NA,NA,NA,NA,NA,NA,NA,NA,NA,NA,NA,NA,NA,NA,NA,NA,NA,NA,NA,NA,NA,NA
"C3G01",23,1,1075.8125,NA,17,1,1863.82352941176,1234,19,5,2123.89473684211,3159.8,3,2,5220.33333333333,1484,NA,NA,NA,NA,NA,NA,NA,NA,NA,NA,NA,NA,NA,NA,NA,NA,NA,NA,NA,NA,NA,NA,NA,NA,NA,NA,NA,NA
"C3G02",22,2,964.666666666667,NA,13,5,6838.76923076923,7620.33333333333,18,6,3415.72222222222,3324.33333333333,2,1,4811.5,2282,NA,NA,NA,NA,NA,NA,NA,NA,NA,NA,NA,NA,NA,NA,NA,NA,NA,NA,NA,NA,NA,NA,NA,NA,NA,NA,NA,NA
"C3G04",20,4,770,365.333333333333,15,3,2331.8,3917.33333333333,12,12,2475.91666666667,2079,2,2,2689.5,1723.66666666667,NA,NA,NA,NA,NA,NA,NA,NA,NA,NA,NA,NA,NA,NA,NA,NA,NA,NA,NA,NA,NA,NA,NA,NA,NA,NA,NA,NA
"C3G05",22,2,1298.46666666667,NA,15,3,4074.73333333333,3698,14,10,3209.07142857143,3831.7,2,1,6013,2530.33333333333,NA,NA,NA,NA,NA,NA,NA,NA,NA,NA,NA,NA,NA,NA,NA,NA,NA,NA,NA,NA,NA,NA,NA,NA,NA,NA,NA,NA
"C3G07",22,2,1276.73333333333,NA,17,1,3551.64705882353,3257,15,9,2959.8,3065.44444444444,1,1,6485,2181.33333333333,NA,NA,NA,NA,NA,NA,NA,NA,NA,NA,NA,NA,NA,NA,NA,NA,NA,NA,NA,NA,NA,NA,NA,NA,NA,NA,NA,NA
"C3G08",22,2,1350.5625,670,14,4,4402.92857142857,2680,11,13,2937.09090909091,3435.84615384615,2,1,6381.5,3264,NA,NA,NA,NA,NA,NA,NA,NA,NA,NA,NA,NA,NA,NA,NA,NA,NA,NA,NA,NA,NA,NA,NA,NA,NA,NA,NA,NA
"C3G10",23,1,1261.0625,NA,12,6,7416.5,7730.5,14,10,3274.85714285714,5090.5,3,3,10659.3333333333,2232,2,2,10535,2019,4,3,4614.25,5536.66666666667,14,10980.4285714286,8185,NA,NA,NA,NA,NA,NA,NA,NA,NA,NA,NA,NA,NA,NA,NA,NA,NA
"C3G11",24,0,1234,NA,14,4,4286.14285714286,7659.75,15,9,2676.26666666667,2917.77777777778,2,2,3710,2275.33333333333,NA,NA,NA,NA,NA,NA,NA,NA,NA,NA,NA,NA,NA,NA,NA,NA,NA,NA,NA,NA,NA,NA,NA,NA,NA,NA,NA,NA
"C3H01",19,5,1803,NA,7,11,2740.57142857143,5535.36363636364,16,8,5674.9375,6464.875,3,3,6672.66666666667,6215.33333333333,0,0,NA,1325,9,5,3973.66666666667,2942,13,6511.46153846154,6128.5,60,54,6,TRUE,1830.18518518519,2300,42,38,4,18,16,2,1833.39473684211,1882,1822.5625,3136,10.8322368421052
"C3H03",24,0,1391.64705882353,NA,16,2,3105.375,1916,12,12,2459.41666666667,2367.58333333333,4,4,3428,2079.66666666667,NA,NA,NA,NA,NA,NA,NA,NA,NA,NA,NA,NA,NA,NA,NA,NA,NA,NA,NA,NA,NA,NA,NA,NA,NA,NA,NA,NA
"C3H05",23,1,822.588235294118,559,17,1,3187.52941176471,16654,21,3,2249.95238095238,2081.33333333333,4,3,4655,2918.33333333333,NA,NA,NA,NA,NA,NA,NA,NA,NA,NA,NA,NA,NA,NA,NA,NA,NA,NA,NA,NA,NA,NA,NA,NA,NA,NA,NA,NA
"C3H06",24,0,806.058823529412,NA,15,3,4653.86666666667,14010.3333333333,19,5,2159.78947368421,3311.2,3,3,5585.33333333333,3928.33333333333,NA,NA,NA,NA,NA,NA,NA,NA,NA,NA,NA,NA,NA,NA,NA,NA,NA,NA,NA,NA,NA,NA,NA,NA,NA,NA,NA,NA
"C3H07",20,4,952.533333333333,615,9,9,5709.88888888889,3496.44444444444,13,11,5696.30769230769,5333.81818181818,2,2,20120.5,1458,NA,NA,NA,NA,NA,NA,NA,NA,NA,NA,NA,NA,NA,NA,NA,NA,NA,NA,NA,NA,NA,NA,NA,NA,NA,NA,NA,NA
"C3H08",16,8,1037.90909090909,1093.5,14,4,2804.78571428571,3342.25,13,11,3423.15384615385,5552,2,2,7539,6746.66666666667,NA,NA,NA,NA,NA,NA,NA,NA,NA,NA,NA,NA,NA,NA,NA,NA,NA,NA,NA,NA,NA,NA,NA,NA,NA,NA,NA,NA
"C3H13",24,0,1256.35294117647,NA,16,2,6612.875,3040,14,10,3559.35714285714,4548.4,2,1,7878.5,4888,NA,NA,NA,NA,NA,NA,NA,NA,NA,NA,NA,NA,NA,NA,NA,NA,NA,NA,NA,NA,NA,NA,NA,NA,NA,NA,NA,NA
"C3H14",23,1,761.25,NA,14,4,3087.35714285714,6858.25,11,13,2520.36363636364,2811.07692307692,1,1,2165,659.333333333333,NA,NA,NA,NA,NA,NA,NA,NA,NA,NA,NA,NA,NA,NA,NA,NA,NA,NA,NA,NA,NA,NA,NA,NA,NA,NA,NA,NA
"C3H15",22,2,1078.53333333333,NA,11,7,5524.36363636364,4070.57142857143,7,17,4797.14285714286,4680.17647058824,2,2,4090,1530,NA,NA,NA,NA,NA,NA,NA,NA,NA,NA,NA,NA,NA,NA,NA,NA,NA,NA,NA,NA,NA,NA,NA,NA,NA,NA,NA,NA
"C3H16",24,0,1215.94117647059,NA,17,1,4216.76470588235,NA,8,16,3028.375,3552.125,1,1,10046,5115.33333333333,2,2,4534,2299,6,6,3439.16666666667,4682.33333333333,12,8599.58333333333,8642.33333333333,60,52,8,TRUE,1149.86538461538,1453,42,42,0,18,10,8,1099.57142857143,NA,1361.1,1453,-261.528571428571
"C3I02",23,1,853.823529411765,946,15,3,2583,2578.33333333333,18,6,1737.27777777778,1900.16666666667,6,6,3275.83333333333,2156.33333333333,NA,NA,NA,NA,NA,NA,NA,NA,NA,NA,NA,NA,NA,NA,NA,NA,NA,NA,NA,NA,NA,NA,NA,NA,NA,NA,NA,NA
"C3I03",24,0,881.176470588235,NA,15,3,1995.73333333333,3275,18,6,1838.11111111111,2145,2,2,1384,1270.33333333333,NA,NA,NA,NA,NA,NA,NA,NA,NA,NA,NA,NA,NA,NA,NA,NA,NA,NA,NA,NA,NA,NA,NA,NA,NA,NA,NA,NA
"C3I04",20,4,1618.15384615385,NA,14,4,3417.42857142857,2939,4,20,7167.5,3450.38888888889,2,1,5558,3010.33333333333,NA,NA,NA,NA,NA,NA,NA,NA,NA,NA,NA,NA,NA,NA,NA,NA,NA,NA,NA,NA,NA,NA,NA,NA,NA,NA,NA,NA
"C3I05",23,1,1323.25,NA,15,3,4110.06666666667,4529.5,16,8,3263.25,4222.375,3,2,3694,3107.66666666667,4,4,6466.5,5338.66666666667,5,5,4190.6,7246.33333333333,11,7198.63636363636,8918,60,57,3,TRUE,1504.9298245614,NA,42,39,3,18,18,0,1436.46153846154,NA,1653.27777777778,NA,-216.816239316239
"C3I06",24,0,1116.35294117647,NA,14,4,2966.78571428571,5301,15,9,2089.73333333333,1886.44444444444,4,2,4097.75,2204.33333333333,NA,NA,NA,NA,NA,NA,NA,NA,NA,NA,NA,NA,NA,NA,NA,NA,NA,NA,NA,NA,NA,NA,NA,NA,NA,NA,NA,NA
"C3I07",24,0,1232.47058823529,NA,17,1,3612.64705882353,NA,19,5,2273.21052631579,3940.6,1,1,821,874.333333333333,3,2,8594,2872,7,7,3577,5988.66666666667,12,3514.91666666667,6640.33333333333,8,6,2,FALSE,1159,NA,5,3,2,3,3,0,1273.33333333333,NA,1044.66666666667,NA,228.666666666667
"C3I09",24,0,774.941176470588,NA,13,5,3484.15384615385,5914.4,21,3,2435.61904761905,2692,4,3,3176,2154.33333333333,7,6,3327.85714285714,1071.33333333333,18,9,6580.38888888889,4850,12,2642,6688.66666666667,60,60,0,TRUE,665.25,NA,42,42,0,18,18,0,681.952380952381,NA,626.277777777778,NA,55.6746031746031
"C3I10",24,0,920.705882352941,NA,18,0,3201.55555555556,NA,22,2,1719.45454545455,4789,2,1,1987,900.666666666667,NA,NA,NA,NA,NA,NA,NA,NA,NA,NA,NA,NA,NA,NA,NA,NA,NA,NA,NA,NA,NA,NA,NA,NA,NA,NA,NA,NA
"C3I11",24,0,801.117647058824,NA,16,2,2804.5625,1403,21,3,4058.38095238095,10132,2,2,8168.5,3245,0,0,NA,2729.33333333333,5,4,2496.8,8219.33333333333,9,5473.55555555556,14078.3333333333,60,57,3,TRUE,705.842105263158,NA,42,41,1,18,16,2,703.80487804878,NA,711.0625,NA,-7.25762195121956
"C3I12",16,8,1244,451.333333333333,4,14,2509.25,3057.64285714286,14,10,2568.28571428571,2883,2,2,4454,1916,NA,NA,NA,NA,NA,NA,NA,NA,NA,NA,NA,NA,NA,NA,NA,NA,NA,NA,NA,NA,NA,NA,NA,NA,NA,NA,NA,NA
"C3I14",22,2,1563.4,NA,5,13,3902.4,4394.69230769231,15,9,4290.73333333333,5438.77777777778,1,1,7382,2712,NA,NA,NA,NA,NA,NA,NA,NA,NA,NA,NA,NA,NA,NA,NA,NA,NA,NA,NA,NA,NA,NA,NA,NA,NA,NA,NA,NA
"C3I16",24,0,892.941176470588,NA,18,0,3547.55555555556,NA,18,6,3119.83333333333,5179.6,5,4,4651.6,2900.33333333333,NA,NA,NA,NA,NA,NA,NA,NA,NA,NA,NA,NA,NA,NA,NA,NA,NA,NA,NA,NA,NA,NA,NA,NA,NA,NA,NA,NA
"C3I18",16,8,797.923076923077,548.25,15,3,3689.13333333333,2471.66666666667,19,5,2811.05263157895,2887,1,1,6841,991.666666666667,NA,NA,NA,NA,NA,NA,NA,NA,NA,NA,NA,NA,NA,NA,NA,NA,NA,NA,NA,NA,NA,NA,NA,NA,NA,NA,NA,NA
"C3I20",18,6,1411.81818181818,NA,15,3,4965.8,9537.66666666667,18,6,2894.22222222222,3501.33333333333,3,2,8174,2621.33333333333,NA,NA,NA,NA,NA,NA,NA,NA,NA,NA,NA,NA,NA,NA,NA,NA,NA,NA,NA,NA,NA,NA,NA,NA,NA,NA,NA,NA
