ID,nn_tokens,nn_lemmas,nmlu,nttr,nmsttr,nmattr,nhdd,nmaas,nmtld,nmtldma,an_tokens,an_lemmas,amlu,attr,amsttr,amattr,ahdd,amaas,amtld,amtldma,dn_tokens,dn_lemmas,dmlu,dttr,dmsttr,dmattr,dhdd,dmaas,dmtld,dmtldma,nn_tokens_ppt,nn_lemmas_ppt,nmlu_ppt,nttr_ppt,nmsttr_ppt,nmattr_ppt,nhdd_ppt,nmaas_ppt,nmtld_ppt,nmtldma_ppt,an_tokens_ppt,an_lemmas_ppt,amlu_ppt,attr_ppt,amsttr_ppt,amattr_ppt,ahdd_ppt,amaas_ppt,amtld_ppt,amtldma_ppt,dn_tokens_ppt,dn_lemmas_ppt,dmlu_ppt,dttr_ppt,dmsttr_ppt,dmattr_ppt,dhdd_ppt,dmaas_ppt,dmtld_ppt,dmtldma_ppt,nn_tokens_av,nn_lemmas_av,nmlu_av,nttr_av,nmsttr_av,nmattr_av,nhdd_av,nmaas_av,nmtld_av,nmtldma_av,an_tokens_av,an_lemmas_av,amlu_av,attr_av,amsttr_av,amattr_av,ahdd_av,amaas_av,amtld_av,amtldma_av,dn_tokens_av,dn_lemmas_av,dmlu_av,dttr_av,dmsttr_av,dmattr_av,dhdd_av,dmaas_av,dmtld_av,dmtldma_av,nn_tokens_pal,nn_lemmas_pal,nmlu_pal,nttr_pal,nmsttr_pal,nmattr_pal,nhdd_pal,nmaas_pal,nmtld_pal,nmtldma_pal,an_tokens_pal,an_lemmas_pal,amlu_pal,attr_pal,amsttr_pal,amattr_pal,ahdd_pal,amaas_pal,amtld_pal,amtldma_pal,dn_tokens_pal,dn_lemmas_pal,dmlu_pal,dttr_pal,dmsttr_pal,dmattr_pal,dhdd_pal,dmaas_pal,dmtld_pal,dmtldma_pal
C3A02,214,102,5.8963963963964,0.523364485981308,0.615,0.622782608695652,32.5971938228033,0.227547117485006,21.8397777604711,40.135593220339,1097,316,5.8963963963964,0.332725615314494,0.662,0.665501002004008,35.9875364331974,0.227390160076816,47.2644459647885,63.7324561403509,1309,341,5.8963963963964,0.304048892284186,0.638461538461538,0.648256198347107,35.8107467606372,0.230696305332419,37.1933656613024,56.4942307692308,4,4,7.85714285714286,1,NA,NA,4,0,Inf,NA,51,27,7.85714285714286,0.529411764705882,NA,NA,23.9747759233203,0.307778527236386,22.4985875706215,19.1666666666667,55,29,7.85714285714286,0.527272727272727,NA,NA,24.5593421450913,0.302938905823866,23.7225274725275,19.7714285714286,87,59,5.19827586206897,0.71264367816092,NA,NA,34.2594635661693,0.197766590301283,48.0265161556906,30.3333333333333,518,197,5.19827586206897,0.43050193050193,0.676,0.677398568019093,35.888470269037,0.222891088473517,50.4184813237928,70.9627659574468,603,213,5.19827586206897,0.399668325041459,0.656666666666667,0.661051587301587,35.9061540577419,0.226992201152079,46.0575318342544,59.5358744394619,81,42,7.04166666666667,0.580246913580247,NA,NA,28.429219272741,0.254755276070326,9.81356767411301,24.375,426,176,7.04166666666667,0.446009389671362,0.6675,0.645963302752294,35.0390226867117,0.225207262724763,45.7690131721011,64.5943396226415,507,186,7.04166666666667,0.408284023668639,0.618,0.630980392156863,34.5517318992493,0.230582980795341,29.4375610428481,60.9483695652174
C3A03,174,76,3.80188679245283,0.459770114942529,0.43,0.498666666666667,31.6261205828527,0.259272336468322,22.2095070422535,24.2452830188679,229,120,3.80188679245283,0.550218340611354,0.68,0.687923076923077,35.4565554165142,0.215852762931108,69.7471471964535,70.3684210526316,403,151,3.80188679245283,0.406947890818859,0.615,0.602467105263158,34.9283239041182,0.239844829556477,46.7162864235523,48.5344827586207,90,40,2.96610169491525,0.455555555555556,NA,NA,25.5610337431126,0.299013368302748,19.8653846153846,22.5862068965517,85,55,2.96610169491525,0.623529411764706,NA,NA,31.5329015408037,0.234747986748018,37.06608332245,40.304347826087,175,77,2.96610169491525,0.445714285714286,0.63,0.540657894736842,30.203555211596,0.26410822564789,35.9714412638138,38.9714285714286,70,49,5.48571428571429,0.7,NA,NA,33.2523696328865,0.213308916126704,36.4154411764706,28.15625,122,79,5.48571428571429,0.672131147540984,0.71,0.714347826086956,35.9529629510061,0.199096308656211,66.0833333333333,86.75,192,105,5.48571428571429,0.572916666666667,0.7,0.674838709677419,36.0327192365245,0.215408280012343,58.3760984182777,61.1181102362205,NA,NA,NA,NA,NA,NA,NA,NA,NA,NA,NA,NA,NA,NA,NA,NA,NA,NA,NA,NA,NA,NA,NA,NA,NA,NA,NA,NA,NA,NA
C3A04,48,30,4.33,0.625,NA,NA,27.2066337872627,0.26872788097863,13.7658265826583,11,818,224,4.33,0.311735941320293,0.61875,0.60894297635605,34.5498864969372,0.244265986351097,35.8088320885702,47.6839622641509,866,227,4.33,0.297921478060046,0.61125,0.594850065189048,34.4419611635775,0.246871136231104,25.8860252762522,44.9352409638554,NA,NA,NA,NA,NA,NA,NA,NA,NA,NA,NA,NA,NA,NA,NA,NA,NA,NA,NA,NA,NA,NA,NA,NA,NA,NA,NA,NA,NA,NA,7,5,3.31460674157303,0.714285714285714,NA,NA,5,0.4523344641895,7,NA,288,110,3.31460674157303,0.409722222222222,0.625,0.582804232804233,33.1322376556554,0.253112669508149,43.6903894885297,46.4474885844749,295,111,3.31460674157303,0.403389830508475,0.625,0.574795918367347,33.0894936392498,0.254234212006808,48.0480109242073,44.8245614035088,8,6,5.50588235294118,0.75,NA,NA,6,0.391397031909229,8,NA,460,166,5.50588235294118,0.395652173913043,0.62,0.624182825484765,34.6187691276591,0.23831524995538,33.7143393393393,47.7438271604938,468,167,5.50588235294118,0.391025641025641,0.6225,0.616747967479675,34.6453084646354,0.239149552741915,32.7745844875346,46.0188087774295
C3A07,8,8,9.74074074074074,1,NA,NA,8,0,Inf,NA,255,116,9.74074074074074,0.470588235294118,0.61,0.611025641025641,34.6299405022282,0.237749154944947,40.0049157303371,41.3141025641026,263,118,9.74074074074074,0.463878326996198,0.6,0.607317073170732,34.6784810086262,0.238672806151413,37.4899447949527,40.7951807228916,NA,NA,NA,NA,NA,NA,NA,NA,NA,NA,NA,NA,NA,NA,NA,NA,NA,NA,NA,NA,NA,NA,NA,NA,NA,NA,NA,NA,NA,NA,2,2,12.1666666666667,1,NA,NA,2,0,Inf,NA,144,72,12.1666666666667,0.5,0.55,0.576444444444444,32.8057725330496,0.254202900091473,33.3295774647887,30.7674418604651,146,72,12.1666666666667,0.493150684931507,0.55,0.576382978723404,32.7518193130083,0.256009170434399,30.4166666666667,30.8965517241379,NA,NA,NA,NA,NA,NA,NA,NA,NA,NA,47,35,3.35714285714286,0.765957446808511,NA,NA,32.9731729879741,0.203509123024871,39.8645454545455,26.3333333333333,NA,NA,NA,NA,NA,NA,NA,NA,NA,NA
C3B04,85,49,4.59509202453988,0.623529411764706,NA,NA,32.6195553455653,0.234747986748018,20.9622535054941,37.9047619047619,663,191,4.59509202453988,0.322775263951735,0.615,0.614024822695035,33.485083573662,0.248372049964908,29.5549684374778,46.9573283858998,749,203,4.59509202453988,0.307076101468625,0.611428571428571,0.6112,33.8257085871926,0.249112175726427,24.9666666666667,45.0017636684303,23,11,3.125,0.478260869565217,NA,NA,11,0.415634877074112,5.82912844036697,10,2,1,3.125,0.5,NA,NA,1,1.82261572880499,Inf,NA,25,13,3.125,0.48,NA,NA,12,0.403870871630192,5.05474452554745,10,15,13,7.44186046511628,0.866666666666667,NA,NA,13,0.211968941200356,31.5,NA,305,127,7.44186046511628,0.449180327868852,0.653333333333333,0.661456310679612,33.4154170780889,0.237313761708711,44.4903339191564,53.8373015873016,320,131,7.44186046511628,0.45,0.626666666666667,0.657149321266968,33.7030694077751,0.235070416869897,42.1397827423652,54.2528301886792,30,22,3.10309278350515,0.766666666666667,NA,NA,23,0.229971687864668,33,24,271,103,3.10309278350515,0.420664206642066,0.57,0.589186046511628,32.2538445187427,0.252054529980624,21.9967532467532,39.4011299435028,301,109,3.10309278350515,0.408637873754153,0.586666666666667,0.590940594059406,32.6894822371217,0.251527295834597,22.575,38.1701030927835
C3B09,277,117,3.89175257731959,0.444043321299639,0.61,0.620449438202247,33.188621198578,0.243105380689806,29.2917032094557,44.5104166666667,476,162,3.89175257731959,0.367647058823529,0.58,0.599124668435013,34.1572353043164,0.246196852463903,38.497248427673,45.0527777777778,755,210,3.89175257731959,0.307284768211921,0.581428571428571,0.594573170731707,34.5561733610722,0.248740649410439,23.2803605313093,42.0752136752137,36,17,6.36363636363636,0.472222222222222,NA,NA,17,0.366789785408077,12,13.7777777777778,34,21,6.36363636363636,0.617647058823529,NA,NA,21,0.298697574511318,13.0310621242485,18.6875,70,32,6.36363636363636,0.471428571428571,NA,NA,23.577815468114,0.309726290432098,16.4230769230769,18.2105263157895,85,56,4.16363636363636,0.729411764705882,NA,NA,35.2289812846156,0.191856675585951,72.1055825242719,80.5,144,77,4.16363636363636,0.5625,0.65,0.634666666666667,33.573880873588,0.231600326650806,37.5290611028316,46.9622641509434,229,102,4.16363636363636,0.493449781659389,0.645,0.647384615384615,34.380150429551,0.234701325082851,25.6031102013178,52.4662576687117,120,66,4.19565217391304,0.558333333333333,0.6,0.608571428571429,31.9266715843368,0.241968733512569,30.4128440366972,43.0144927536232,264,114,4.19565217391304,0.454545454545455,0.6,0.588,33.5244676572096,0.241645186928716,40.4105892575107,42.9533678756477,386,145,4.19565217391304,0.393782383419689,0.603333333333333,0.595540069686411,33.9343656892775,0.245959111799016,31.0967939688005,40.7697160883281
C3B12,328,153,7.27329192546584,0.48780487804878,0.656666666666667,0.637379912663755,35.0097266664735,0.221930535179837,34.9843304843305,55.0619469026549,844,227,7.27329192546584,0.312796208530806,0.61875,0.629234899328859,35.1514563284439,0.242777300489161,38.4430641821946,52.4724517906336,1171,289,7.27329192546584,0.290350128095645,0.627272727272727,0.6325,35.6344914555061,0.238827587976456,35.6923307346374,54.9031281533804,7,7,21,1,NA,NA,7,0,Inf,NA,35,18,21,0.514285714285714,NA,NA,18,0.348039715834503,11.6666666666667,15.5,42,22,21,0.523809523809524,NA,NA,22,0.326462954496561,12.25,15.5,117,79,7.65789473684211,0.683760683760684,0.7,0.686666666666667,35.4078569838724,0.196461993224793,58.0374087591241,54.6056338028169,175,91,7.65789473684211,0.554285714285714,0.61,0.623684210526316,34.0056830422994,0.225688339329983,41.4474566529361,46.8190476190476,291,138,7.65789473684211,0.501718213058419,0.63,0.654583333333333,34.9773040846922,0.222129207688914,52.5190429927802,55.005,152,86,6.69230769230769,0.585526315789474,0.59,0.642830188679245,33.7300882132648,0.220975694298644,21.6929742600518,35.6551724137931,544,171,6.69230769230769,0.356617647058824,0.64,0.64552808988764,34.725597957206,0.244617910300126,41.3934764193024,57.3128964059197,696,203,6.69230769230769,0.336206896551724,0.63,0.643433835845896,35.0887582380903,0.242043780658835,35.2602810463867,58.9691252144082
C3B14,1,1,8.08695652173913,1,NA,NA,1,NA,Inf,NA,371,150,8.08695652173913,0.44743935309973,0.676666666666667,0.681102941176471,34.9661918499481,0.230012127211924,57.747757488387,67.9640287769784,372,150,8.08695652173913,0.446236559139785,0.673333333333333,0.68003663003663,34.9298446949149,0.230291963587457,53.3904575071814,66.0581818181818,NA,NA,NA,NA,NA,NA,NA,NA,NA,NA,11,6,Inf,0.545454545454545,NA,NA,6,0.492677355670376,11,NA,NA,NA,NA,NA,NA,NA,NA,NA,NA,NA,1,1,7.22222222222222,1,NA,NA,1,NA,Inf,NA,64,45,7.22222222222222,0.75,NA,NA,34.5604838709678,0.195698515954614,67.84,56.5,65,45,7.22222222222222,0.738461538461539,NA,NA,34.2073717948718,0.200156576483793,49.3737239689669,50,NA,NA,NA,NA,NA,NA,NA,NA,NA,NA,248,117,8.26666666666667,0.516129032258065,0.695,0.694563758389262,34.5084682349088,0.223829680649441,60.2584269662921,67.2476635514019,NA,NA,NA,NA,NA,NA,NA,NA,NA,NA
C3C02,50,36,7.30569948186529,0.74,NA,NA,32.3768389057751,0.212846000924308,40.7223600771988,NA,1360,320,7.30569948186529,0.272058823529412,0.652307692307692,0.666471054718477,35.4633372839535,0.239948856265609,59.2267041719599,71.0664423885618,1410,332,7.30569948186529,0.272340425531915,0.658571428571429,0.670198321891686,35.6300473178532,0.238659239872158,61.925612613686,71.9264705882353,NA,NA,NA,NA,NA,NA,NA,NA,NA,NA,51,24,4.25,0.490196078431373,NA,NA,22.0352798140533,0.325869018738815,17,13.5,NA,NA,NA,NA,NA,NA,NA,NA,NA,NA,6,6,11.3555555555556,1,NA,NA,6,0,Inf,NA,505,174,11.3555555555556,0.372277227722772,0.654,0.6464039408867,34.6213635910613,0.242327869839694,58.1915961460179,61.7479224376731,511,176,11.3555555555556,0.371819960861057,0.664,0.650339805825243,34.7086917707535,0.242019296673261,60.5008892481811,64.6294277929155,28,21,6.25,0.75,NA,NA,21,0.244248888373134,16.657238284104,10,647,222,6.25,0.377125193199382,0.661666666666667,0.675127737226277,35.3475139406605,0.231519758997917,75.4454167503038,68.0187969924812,675,233,6.25,0.377777777777778,0.661666666666667,0.677413194444444,35.5195278539223,0.229810152593211,78.197379629254,67.8850364963504
C3C04,150,70,4.77114427860697,0.48,0.53,0.559607843137255,30.6846002301454,0.259450171236889,25.5878186968839,28.962962962963,809,204,4.77114427860697,0.291718170580964,0.605,0.613661971830986,34.5395363728607,0.25153880809235,37.391157314204,54.8867069486405,959,225,4.77114427860697,0.26903023983316,0.584444444444444,0.600848837209302,34.3504949609726,0.25323980330807,30.1700715933094,48.9853528628495,11,5,1.8780487804878,0.454545454545455,NA,NA,5,0.56190997105656,11,NA,66,32,1.8780487804878,0.484848484848485,NA,NA,24.5588069915278,0.308158781608816,15.9231680821647,21.1714285714286,77,32,1.8780487804878,0.415584415584416,NA,NA,22.3688246300887,0.327342151118156,11.4160269375747,21.1714285714286,68,45,4.72131147540984,0.691176470588235,NA,NA,31.8903858639355,0.218560186036499,30.4084507042254,37.3333333333333,220,88,4.72131147540984,0.440909090909091,0.565,0.548760330578512,31.6413201721903,0.254593153192965,46.5417147251057,39.7544910179641,288,105,4.72131147540984,0.402777777777778,0.58,0.556613756613757,31.622203314013,0.255525763088415,30.0127783155857,37.6648936170213,71,42,6.73333333333333,0.605633802816901,NA,NA,29.7303335991058,0.252087801550622,25.7661290322581,16.875,435,155,6.73333333333333,0.395402298850575,0.6625,0.672916666666667,34.8865892183679,0.240589170737302,55.2735876249039,71.3313253012048,505,167,6.73333333333333,0.366336633663366,0.638,0.653448275862069,34.8843084321605,0.244292406669113,42.0833333333333,61.1113744075829
C3D02,79,52,5.72258064516129,0.683544303797468,NA,NA,32.5546789607133,0.214209120333988,44.2878787878788,41.0810810810811,808,227,5.72258064516129,0.325495049504951,0.62125,0.6187023977433,34.5708081768388,0.240138091286741,39.0813056379822,48.693522906793,887,241,5.72258064516129,0.315670800450958,0.61375,0.608895939086294,34.4541787855536,0.24004961396226,35.48,43.2164948453608,3,3,4.625,1,NA,NA,3,0,Inf,NA,34,21,4.625,0.705882352941177,NA,NA,24,0.253958085172751,34,16.1428571428571,37,24,4.625,0.72972972972973,NA,NA,27,0.235885566799382,37.666,16.1428571428571,10,9,5.31818181818182,0.9,NA,NA,9,0.21391000575166,19,NA,341,131,5.31818181818182,0.434017595307918,0.623333333333333,0.614421487603306,33.4627325406189,0.237714972028855,38.0686718013133,43.7640449438202,351,135,5.31818181818182,0.43019943019943,0.64,0.614166666666667,33.5044073462887,0.23779140421438,31.8071258907363,44.6277372262774,57,37,5.79411764705882,0.666666666666667,NA,NA,30.4016756442278,0.238987584414864,34.4917980356553,30.8095238095238,337,131,5.79411764705882,0.427299703264095,0.633333333333333,0.652478991596639,34.1068035624121,0.240412478175561,40.0102911646586,58.8831775700935,394,137,5.79411764705882,0.385786802030457,0.61,0.625661016949153,33.5500805186748,0.247797828337479,34.705557138786,44.529197080292
C3D04,6,4,3.87790697674419,0.666666666666667,NA,NA,4,0.539268285034663,6,NA,662,202,3.87790697674419,0.347432024169184,0.593333333333333,0.587815275310835,34.2632325797838,0.240207567345299,27.7720908543803,36.8907216494845,667,202,3.87790697674419,0.344827586206897,0.586666666666667,0.585757042253521,34.179607167989,0.240781950895669,26.8538509544787,35.8,NA,NA,NA,NA,NA,NA,NA,NA,NA,NA,NA,NA,NA,NA,NA,NA,NA,NA,NA,NA,NA,NA,NA,NA,NA,NA,NA,NA,NA,NA,3,3,4.34090909090909,1,NA,NA,3,0,Inf,NA,189,86,4.34090909090909,0.492063492063492,0.62,0.539,31.6419968357939,0.243781128201431,31.4136128267768,38.9523809523809,191,86,4.34090909090909,0.486910994764398,0.62,0.54054347826087,31.7281757167877,0.245091587187686,31.7092109280904,38.3846153846154,3,1,4.1123595505618,0.333333333333333,NA,NA,1,1.4477234799123,3,NA,363,142,4.1123595505618,0.432506887052342,0.596666666666667,0.618219696969697,34.599066482052,0.235684340100494,27.1082925094178,36.9363636363636,366,142,4.1123595505618,0.42896174863388,0.593333333333333,0.612097378277154,34.4183567260539,0.236508452189222,27.1483516483516,34.6774193548387
C3D05,24,21,7.35593220338983,0.916666666666667,NA,NA,22,0.140842788866926,80.64,NA,410,165,7.35593220338983,0.429268292682927,0.6275,0.645337620578778,35.1605496245761,0.231947633745661,43.2777777777778,57.2926045016077,434,166,7.35593220338983,0.410138248847926,0.605,0.62089552238806,35.0540448853099,0.235886901670122,32.1923076923077,48.4171779141104,NA,NA,NA,NA,NA,NA,NA,NA,NA,NA,34,18,Inf,0.5,NA,NA,17,0.358256322587125,11.1989051094891,13.8,NA,NA,NA,NA,NA,NA,NA,NA,NA,NA,24,21,6.88888888888889,0.916666666666667,NA,NA,22,0.140842788866926,80.64,NA,348,147,6.88888888888889,0.451149425287356,0.67,0.644417670682731,34.8747436685987,0.231330669601777,46.6929817156556,58.8117154811715,372,148,6.88888888888889,0.42741935483871,0.633333333333333,0.618205128205128,34.7269341436721,0.236360071101324,34.8968843958007,47.3622047244095,NA,NA,NA,NA,NA,NA,NA,NA,NA,NA,NA,NA,NA,NA,NA,NA,NA,NA,NA,NA,NA,NA,NA,NA,NA,NA,NA,NA,NA,NA
C3D06,104,51,2.79220779220779,0.548076923076923,0.55,0.542,31.2729994692568,0.253360549607763,28.708367764346,29.7619047619048,111,60,2.79220779220779,0.558558558558559,0.61,0.576666666666667,30.1474840770184,0.245889158854346,16.2104726305119,36.4776119402985,215,83,2.79220779220779,0.432558139534884,0.555,0.550948275862069,32.0135291970166,0.258650877526316,19.301736595302,29.7985611510791,NA,NA,NA,NA,NA,NA,NA,NA,NA,NA,23,11,3.83333333333333,0.521739130434783,NA,NA,12,0.390350481885855,8.625,13.4,NA,NA,NA,NA,NA,NA,NA,NA,NA,NA,42,32,3.11764705882353,0.785714285714286,NA,NA,33,0.199370741253296,35.5822155688623,NA,11,8,3.11764705882353,0.727272727272727,NA,NA,8,0.357109006609071,9.30246913580247,10,53,38,3.11764705882353,0.754716981132076,NA,NA,33.2843934090327,0.202748227449026,39.9080360420491,NA,59,33,2.56603773584906,0.627118644067797,NA,NA,29.2452495672527,0.254209246319798,24.2717084428776,17.5454545454545,77,50,2.56603773584906,0.675324675324675,NA,NA,32.2141883772742,0.218872624693756,22.0829433177327,38.3928571428571,136,65,2.56603773584906,0.529411764705882,0.58,0.597837837837838,32.0546703347196,0.246329435048205,22.0848733744011,28.3617021276596
C3D07,32,28,5.1651376146789,0.875,NA,NA,28,0.159994136987405,71.68,NA,531,174,5.1651376146789,0.370998116760829,0.63,0.622592592592593,33.9974550307796,0.240807334522881,35.7008706467662,41.7405660377358,563,179,5.1651376146789,0.358792184724689,0.612,0.613125,33.9880365131861,0.242573660051794,33.7034719477422,38.7447306791569,NA,NA,NA,NA,NA,NA,NA,NA,NA,NA,5,5,2.5,1,NA,NA,5,0,Inf,NA,NA,NA,NA,NA,NA,NA,NA,NA,NA,NA,12,11,3.51666666666667,0.916666666666667,NA,NA,11,0.180129891267187,26.16,NA,199,97,3.51666666666667,0.532663316582915,0.65,0.6381,33.4334040791656,0.227512325754834,46.0279956352725,41.2118644067797,211,98,3.51666666666667,0.507109004739337,0.61,0.610803571428571,33.1934422875476,0.233640167309929,28.1410408079399,32.8962264150943,15,15,8.02564102564103,1,NA,NA,15,0,Inf,NA,298,125,8.02564102564103,0.473154362416107,0.625,0.638793969849246,33.9382491546434,0.230410422262651,38.512441012441,45.7961165048544,313,128,8.02564102564103,0.460063897763578,0.613333333333333,0.632336448598131,33.9509188216809,0.232684150225095,38.2475889161172,43.7427385892116
C3D08,49,39,6.66666666666667,0.795918367346939,NA,NA,34.3214175586979,0.18628105529816,48.8512400756144,NA,811,228,6.66666666666667,0.325524044389642,0.59875,0.610477528089888,34.844977908977,0.239995704766685,40.7742101105845,48.1321585903084,860,234,6.66666666666667,0.316279069767442,0.5975,0.605479632063075,34.8096766960557,0.240946442308016,37.6002960193192,45.4545454545455,5,4,15.75,0.8,NA,NA,4,0.445374950551462,6,NA,58,23,15.75,0.396551724137931,NA,NA,19.2677730978933,0.359412576923971,17.6132858837485,14.4054054054054,63,25,15.75,0.396825396825397,NA,NA,20.0115038340791,0.352107770499408,15.75,14.2439024390244,5,5,11.8,1,NA,NA,5,0,Inf,NA,349,142,11.8,0.464183381088825,0.66,0.63188,35.0204988622618,0.227042884120661,50.9643561394204,60.3052208835341,354,142,11.8,0.457627118644068,0.66,0.624313725490196,34.9349807132863,0.22858197506175,48.7486030604154,59.3705179282869,32,29,5.29411764705882,0.875,NA,NA,28,0.159994136987405,71.68,NA,328,131,5.29411764705882,0.429878048780488,0.586666666666667,0.611091703056769,33.8291827994059,0.240679880172398,49.9098681866762,45.2489626556017,360,137,5.29411764705882,0.413888888888889,0.556666666666667,0.605095785440613,33.9229374665902,0.242132469648556,38,39.2923076923077
C3D11,10,8,7.39473684210526,1,NA,NA,10,0,Inf,NA,552,170,7.39473684210526,0.34963768115942,0.598,0.581479028697572,34.3916667718801,0.246380505801362,27.1569288692644,39.8217054263566,562,177,7.39473684210526,0.359430604982206,0.596,0.593153347732181,34.6192613207287,0.242431260647494,28.3164425933194,43.103274559194,NA,NA,NA,NA,NA,NA,NA,NA,NA,NA,26,16,1.625,0.615384615384615,NA,NA,16,0.324520404608018,20.7860962566845,11.5714285714286,NA,NA,NA,NA,NA,NA,NA,NA,NA,NA,8,6,35.3333333333333,1,NA,NA,8,0,Inf,NA,204,80,35.3333333333333,0.436274509803922,0.555,0.492571428571429,31.9665986148095,0.259868488506193,20.0515035359838,26.3777777777778,212,86,35.3333333333333,0.457547169811321,0.57,0.515486725663717,32.6168389579053,0.250488900207183,22.3900319390137,30.1309523809524,1,1,6,1,NA,NA,1,NA,Inf,NA,311,125,6,0.427652733118971,0.593333333333333,0.610566037735849,33.8272514705984,0.243657027673913,35.5077976024211,38.1917808219178,312,126,6,0.429487179487179,0.593333333333333,0.612769953051643,33.8735566723204,0.242906493456392,35.6219705850656,38.4818181818182
C3D12,187,93,4.11386138613861,0.486631016042781,0.56,0.582272727272727,31.9634651484498,0.246181533106606,18.9403548154412,28.0531914893617,644,182,4.11386138613861,0.321428571428571,0.59,0.597522935779817,33.7715643283477,0.249949431986475,33.1725385612712,43.8619246861925,831,226,4.11386138613861,0.298435619735259,0.6,0.59775956284153,34.1414790524687,0.24820921780405,30.5152637498287,43.0644122383253,20,10,8.375,0.5,NA,NA,10,0.421713570607772,9.08759124087591,12.6,47,29,8.375,0.617021276595745,NA,NA,26.9386364125301,0.27386553405308,32.3846744471744,27.8076923076923,67,35,8.375,0.537313432835821,NA,NA,26.6070517079706,0.284433087145515,23.4039917570842,28.8,53,38,3.63636363636364,0.716981132075472,NA,NA,31.6946960577147,0.220452770425534,19.8196659073652,26.9473684210526,227,97,3.63636363636364,0.47136563876652,0.595,0.545625,31.8938158642435,0.242580570674329,27.7708554423409,30.351724137931,280,115,3.63636363636364,0.446428571428571,0.58,0.563591160220994,32.5139185530092,0.241838715505658,22.2416509747452,33.1830065359477,76,49,5.0253164556962,0.592105263157895,NA,NA,29.5577174168302,0.253653817669247,14.4962962962963,33.3469387755102,321,132,5.0253164556962,0.454828660436137,0.636666666666667,0.638243243243243,33.9976321333159,0.23336787555638,41.3718220338983,51.8333333333333,397,154,5.0253164556962,0.418136020151133,0.606666666666667,0.639731543624161,33.9550956330178,0.23679160408249,47.9708333333333,52.3873873873874
C3D13,29,22,4.04545454545455,0.758620689655172,NA,NA,22,0.236853806862595,26.1781560283688,NA,861,247,4.04545454545455,0.315911730545877,0.63375,0.622690288713911,35.1265748545963,0.241026580666624,40.5336858492361,58.8079096045198,890,251,4.04545454545455,0.31123595505618,0.645,0.626687737041719,35.1306678693716,0.241397810542816,46.0205371888919,58.353021978022,NA,NA,NA,NA,NA,NA,NA,NA,NA,NA,45,33,2.04545454545455,0.755555555555556,NA,NA,32.3726568005638,0.211045717017283,38.7589852008457,NA,NA,NA,NA,NA,NA,NA,NA,NA,NA,NA,11,11,5.37704918032787,1,NA,NA,11,0,Inf,NA,317,126,5.37704918032787,0.416403785488959,0.563333333333333,0.561284403669725,33.5967717665472,0.246629473933215,34.5312603506999,46.1793721973094,328,131,5.37704918032787,0.417682926829268,0.576666666666667,0.577205240174672,33.7436349931382,0.244747659120716,41.9820373088582,47.2575107296137,14,12,4.05882352941176,0.857142857142857,NA,NA,12,0.225752070314287,27.44,NA,400,157,4.05882352941176,0.4275,0.65,0.635083056478405,34.5605667827379,0.233471281445397,47.1798459752283,62.2875399361022,414,158,4.05882352941176,0.417874396135266,0.6525,0.635714285714286,34.5839085170723,0.235228318943777,51.5526595117349,60.4263322884013
C3E01,121,66,5.32911392405063,0.553719008264463,0.56,0.578636363636364,30.830038677968,0.243263726326813,23.2093572472001,27.016393442623,720,217,5.32911392405063,0.333333333333333,0.592857142857143,0.607423510466989,34.9687280049027,0.241742829749631,39.2431543322534,44.2899824253076,842,240,5.32911392405063,0.31353919239905,0.58375,0.597563930013459,34.8577185579083,0.242614799295439,30.7921413691994,43.1365131578947,14,9,3.19047619047619,0.642857142857143,NA,NA,9,0.382197615084172,10.5,NA,53,22,3.19047619047619,0.452830188679245,NA,NA,20.9707169079533,0.340183513854548,16.5224525043178,17.0555555555556,67,30,3.19047619047619,0.477611940298507,NA,NA,24.1587296710672,0.310229499546477,16.0980017778668,17.8947368421053,36,25,6.26190476190476,0.694444444444444,NA,NA,25,0.255700836295217,21.4444444444444,19.3157894736842,227,110,6.26190476190476,0.515418502202643,0.635,0.633359375,35.0538919241801,0.227717033244836,45.2265283842795,52.7642857142857,263,118,6.26190476190476,0.479087452471483,0.635,0.615,34.6486483846772,0.23360702960328,25.5694444444444,46.9310344827586,51,34,6.75806451612903,0.686274509803922,NA,NA,30.0618487391671,0.236800790997492,21.1657192687811,26.0769230769231,368,139,6.75806451612903,0.404891304347826,0.616666666666667,0.611933085501859,33.7752080940073,0.244218350608048,52.5714285714286,46.601246105919,419,151,6.75806451612903,0.381861575178998,0.615,0.597625,33.6573899057372,0.246586248222861,42.4115021505838,45.7813411078717
C3E03,149,76,4.79768786127168,0.550335570469799,0.58,0.5606,32.4432665727016,0.234349991180904,39.2674230460559,32.5333333333333,680,190,4.79768786127168,0.314705882352941,0.61,0.623459552495697,35.1450456303523,0.250162220685976,54.7061031688929,54.5964601769912,830,214,4.79768786127168,0.296385542168675,0.615,0.614404924760602,35.268924804856,0.248960268902683,40.7057416267943,51.1278195488722,2,2,2,1,NA,NA,2,0,Inf,NA,38,19,2,0.5,NA,NA,19,0.347302001435045,17.1730769230769,14.0909090909091,40,19,2,0.5,NA,NA,20,0.342472821185978,16.3084970782499,14.0909090909091,49,38,5.109375,0.795918367346939,NA,NA,34.4462633804678,0.18628105529816,52.3718125,NA,278,117,5.109375,0.460431654676259,0.595,0.607262569832402,35.0071591547423,0.237464849314071,50.9078860130052,54.0926829268293,327,128,5.109375,0.428134556574924,0.616666666666667,0.613114035087719,35.1743627558549,0.24138570356298,42.5853392052713,52.0152671755725,85,44,5.31168831168831,0.529411764705882,NA,NA,27.5954592424467,0.272389488331381,24.9039025821596,23.34375,323,118,5.31168831168831,0.393188854489164,0.63,0.629553571428571,33.7525887306499,0.25374968670649,61.3976633773971,55.0873015873016,409,139,5.31168831168831,0.36919315403423,0.6125,0.617451612903226,33.6507952755556,0.251877600432803,44.8840788699235,49.11875
C3E04,179,74,4.83018867924528,0.458100558659218,0.46,0.52725,30.5187257622547,0.258459251901732,13.3149672907737,17.0779220779221,333,112,4.83018867924528,0.366366366366366,0.536666666666667,0.506410256410256,31.5782325738694,0.26179641995866,23.4031468531469,31.14,512,153,4.83018867924528,0.3359375,0.516,0.524503631961259,32.3196546966773,0.254049555904315,22.4507830323269,31.2703488372093,NA,NA,NA,NA,NA,NA,NA,NA,NA,NA,25,17,1.38888888888889,0.72,NA,NA,18,0.270192939723578,19.3996415770609,NA,NA,NA,NA,NA,NA,NA,NA,NA,NA,NA,69,31,5.38636363636364,0.507246376811594,NA,NA,25.1892645165896,0.29525936997308,8.21506653992395,14.375,168,55,5.38636363636364,0.363095238095238,0.5,0.434492753623188,26.6572896944998,0.298075180252831,16.8,22.4137931034483,237,73,5.38636363636364,0.350210970464135,0.485,0.463550724637681,28.2468588823943,0.284254759672633,18.1474388032638,22.6780821917808,90,48,6.02631578947368,0.566666666666667,NA,NA,30.6879686691357,0.254145114161234,13.2306250689009,17.1860465116279,139,72,6.02631578947368,0.546762589928058,0.59,0.57875,33.1682146408574,0.238941823478335,36.0865384615385,39.4220183486239,229,98,6.02631578947368,0.467248908296943,0.57,0.589769230769231,33.3372672153636,0.243597188425251,29.3336211859528,40.2484472049689
C3E05,300,120,6.06363636363636,0.443333333333333,0.593333333333333,0.605223880597015,34.1432383337109,0.239941779813407,28.0635876144157,38.7004405286344,1035,241,6.06363636363636,0.264734299516908,0.578,0.580929487179487,34.5539951779285,0.251988426612346,33.9155607771341,42.7280285035629,1334,278,6.06363636363636,0.241379310344828,0.560769230769231,0.562591093117409,34.7975768661319,0.251406467728173,27.5324348879467,35.67616334283,NA,NA,NA,NA,NA,NA,NA,NA,NA,NA,61,25,2.77272727272727,0.426229508196721,NA,NA,21.3939253415047,0.340872146473569,21.4304760575178,19.1081081081081,NA,NA,NA,NA,NA,NA,NA,NA,NA,NA,40,34,7.02325581395349,0.9,NA,NA,36,0.133521844943115,112,NA,263,93,7.02325581395349,0.384030418250951,0.6,0.536341463414634,32.4514375307206,0.266408639490085,32.0981805293006,40.7927461139896,302,103,7.02325581395349,0.370860927152318,0.546666666666667,0.537044334975369,32.8448831557994,0.264654550549703,30.0270813989477,35.9859154929577,225,104,6.62903225806452,0.488888888888889,0.58,0.623095238095238,34.1841094226599,0.237007660631855,31.364544412817,37.8270676691729,597,175,6.62903225806452,0.32998324958124,0.6,0.600421686746988,34.1610968252205,0.249969116322808,33.6305361305361,45.9041095890411,822,211,6.62903225806452,0.293187347931873,0.58,0.571728907330567,34.4921838321432,0.250429202031796,26.7289675261625,36.209022556391
C3E06,21,16,4.3109243697479,0.80952380952381,NA,NA,17,0.229111959085419,23.0661475409836,NA,492,155,4.3109243697479,0.376016260162602,0.5825,0.611501272264631,33.8539914880735,0.242113742839943,27.675,50.8712328767123,513,159,4.3109243697479,0.37037037037037,0.586,0.61707729468599,33.9786143805423,0.242344814332289,27.570320855615,52.3626666666667,NA,NA,NA,NA,NA,NA,NA,NA,NA,NA,53,17,3.78571428571429,0.320754716981132,NA,NA,14.8764445785215,0.407549760616497,8.40201822916667,11.6,NA,NA,NA,NA,NA,NA,NA,NA,NA,NA,9,9,4.57446808510638,1,NA,NA,9,0,Inf,NA,421,144,4.57446808510638,0.410926365795724,0.605,0.633229813664596,34.1631826035917,0.236818624223957,34.3270852858482,53.3625730994152,430,146,4.57446808510638,0.409302325581395,0.6225,0.640876132930514,34.2917554268884,0.236517345986318,35.0979187743894,54.8267045454545,NA,NA,NA,NA,NA,NA,NA,NA,NA,NA,NA,NA,NA,NA,NA,NA,NA,NA,NA,NA,NA,NA,NA,NA,NA,NA,NA,NA,NA,NA
C3E08,110,65,5.57666666666667,0.6,0.61,0.622727272727273,34.1316398140714,0.230728869620008,35.4668411867365,56.0952380952381,1564,341,5.57666666666667,0.267902813299233,0.634,0.634027303754266,35.7252384646635,0.236777014216619,45.2378682743715,52.6588921282799,1673,349,5.57666666666667,0.255230125523013,0.62,0.616728081321474,35.7174031690808,0.238904946709151,36.3577809664877,47.941768511862,16,10,2.88888888888889,0.625,NA,NA,10,0.375208784540976,16,11.8,115,55,2.88888888888889,0.504347826086956,0.54,0.5175,29.3347690113316,0.264582498769609,35.547480620155,24.4444444444444,130,55,2.88888888888889,0.446153846153846,0.45,0.464193548387097,27.4512799555546,0.280065866042413,24.7566287878788,20.5178571428571,30,23,7.76,0.8,NA,NA,24,0.210750288863179,42,NA,552,200,7.76,0.414855072463768,0.658,0.658741721854305,35.4748701241707,0.2254409266989,57.8957310122759,62.3326359832636,582,201,7.76,0.395189003436426,0.63,0.636853002070393,35.4315244633398,0.229654315174865,48.9509125050046,55.5131845841785,45,36,5.13235294117647,0.8,NA,NA,34.1120507399577,0.188302307491736,63,NA,653,195,5.13235294117647,0.33843797856049,0.615,0.622797833935018,34.882665119886,0.243682565523546,40.8125,46.7426160337553,698,201,5.13235294117647,0.325214899713467,0.601666666666667,0.615525876460768,34.874061444603,0.245598972249123,32.3918960244648,46.841046277666
C3E09,128,72,5.01204819277108,0.5703125,0.63,0.680689655172414,32.9133810642621,0.234361684531437,39.3542260208927,83.7894736842105,704,206,5.01204819277108,0.332386363636364,0.61,0.61396694214876,34.8742978056824,0.242885261575983,33.9054882489242,49.9092558983666,832,230,5.01204819277108,0.317307692307692,0.61375,0.617175989085948,35.1883289118783,0.241790836680874,31.0322208860909,51.1738437001595,24,6,2.84615384615385,0.25,NA,NA,6,0.562178618094505,12,NA,13,10,2.84615384615385,0.769230769230769,NA,NA,10,0.30302704460347,14.3866666666667,NA,37,15,2.84615384615385,0.405405405405405,NA,NA,15,0.399302739411441,12.2620511559272,14.1428571428571,18,17,6.24,0.944444444444444,NA,NA,17,0.125514593403809,90.72,NA,294,126,6.24,0.448979591836735,0.62,0.623282051282051,34.5876525775576,0.238914170404022,48.484046527649,46.6485148514851,312,134,6.24,0.451923076923077,0.64,0.622957746478873,34.8732135831195,0.235475412451583,39.6278284825034,45.2684210526316,78,54,6.36363636363636,0.705128205128205,NA,NA,34.1923444976077,0.205871211425947,67.7368421052632,75,342,131,6.36363636363636,0.432748538011696,0.573333333333333,0.593374485596708,34.2343690369393,0.238012083921812,30.2624102425146,54.8378378378378,420,149,6.36363636363636,0.404761904761905,0.61,0.596978193146417,34.5581452163594,0.238916629590243,30.6872079148852,55.5220588235294
C3E10,44,25,6.03125,0.636363636363636,NA,NA,27.1310782241015,0.269585806494396,18.875,24.3809523809524,535,168,6.03125,0.334579439252336,0.548,0.559105504587156,34.1287057224252,0.252740546127936,27.2701080950408,38.6927223719677,579,176,6.03125,0.328151986183074,0.524,0.5426875,34.0912496201285,0.251801698201937,25.74604743083,36.6608478802993,19,12,3.05882352941176,0.736842105263158,NA,NA,14,0.284791323769322,17.4291009174312,NA,85,30,3.05882352941176,0.341176470588235,NA,NA,18.8239844062275,0.354194356329847,11.4296901219376,16.9,104,38,3.05882352941176,0.375,0.39,0.382,20.8434781518007,0.323575614065798,12.2777777777778,15.6206896551724,1,1,8.66666666666667,1,NA,NA,1,NA,Inf,NA,181,88,8.66666666666667,0.513812154696133,0.63,0.640487804878049,32.6334249128392,0.238195607595994,39.9951612903226,51.3070175438597,182,88,8.66666666666667,0.510989010989011,0.62,0.638795180722892,32.518340206718,0.238925769572658,37.4311779769526,52.2342342342342,22,13,5.97435897435897,0.590909090909091,NA,NA,13,0.356069008899687,16.5,14.4,211,92,5.97435897435897,0.454976303317536,0.545,0.5625,32.8938431976647,0.251611956242716,32.5579918032787,35.7248322147651,233,94,5.97435897435897,0.420600858369099,0.55,0.527089552238806,32.4715304724552,0.259062970328748,26.6500918881259,33.4390243902439
C3F01,78,41,5.81460674157303,0.576923076923077,NA,NA,29.1454252483813,0.258314596370569,23.0588235294118,53.3333333333333,955,214,5.81460674157303,0.263874345549738,0.577777777777778,0.592348130841121,34.1471519895171,0.255254567239878,28.1857638888889,46.3534946236559,1035,225,5.81460674157303,0.258937198067633,0.58,0.587991452991453,34.3108577822492,0.254078773556561,26.9620069137079,45.1944792973651,22,7,3.89473684210526,0.318181818181818,NA,NA,7,0.525328191534984,7.33333333333333,NA,52,18,3.89473684210526,0.384615384615385,NA,NA,17.2398180449815,0.375398015631581,10.4,13,74,21,3.89473684210526,0.310810810810811,NA,NA,15.2813417360842,0.381115439432242,8.73611111111111,11.8421052631579,28,22,5.55128205128205,0.892857142857143,NA,NA,25,0.153301400289163,73.1733333333334,NA,405,124,5.55128205128205,0.338271604938272,0.5675,0.547875816993464,32.8754222471221,0.263130486226712,24.2775973897202,37.1893939393939,433,127,5.55128205128205,0.327944572748268,0.5575,0.548413173652695,33.0249973706006,0.263928573051587,25.8943163763728,34.510067114094,11,10,7,0.818181818181818,NA,NA,9,0.283478163621329,16.94,NA,409,143,7,0.386308068459658,0.6375,0.625161290322581,34.2034019456968,0.246083602459228,43.130632168411,57.4143302180685,420,147,7,0.383333333333333,0.635,0.626760124610592,34.2622645111473,0.245995977888794,42.4899886617077,58.8466257668712
C3F02,162,84,5.92888888888889,0.549382716049383,0.65,0.633333333333333,33.5060706052679,0.230830980373791,44.3099301231164,38.6020408163265,1173,298,5.92888888888889,0.289002557544757,0.611818181818182,0.615903165735568,35.4002456843186,0.23921859133182,37.9244183985465,44.5497737556561,1334,314,5.92888888888889,0.268365817091454,0.594615384615385,0.589441295546559,35.3238397191174,0.241852230429283,30.3473053507462,36.7515991471215,NA,NA,NA,NA,NA,NA,NA,NA,NA,NA,32,18,2,0.59375,NA,NA,19,0.31612217400768,16,23.125,NA,NA,NA,NA,NA,NA,NA,NA,NA,NA,24,20,6.20754716981132,0.875,NA,NA,21,0.17447703984737,53.76,NA,305,123,6.20754716981132,0.413114754098361,0.563333333333333,0.574029126213592,33.3719993188944,0.249414451701698,36.0157673782869,41.3491379310345,329,125,6.20754716981132,0.395136778115502,0.556666666666667,0.561217391304348,33.3568497305892,0.25227344825627,28.6682315146782,36.6118143459916,135,75,6.37313432835821,0.585185185185185,0.65,0.626944444444444,33.3497506972038,0.22644188993038,36.3829787234043,43.038961038961,720,216,6.37313432835821,0.344444444444444,0.62,0.61805152979066,34.8976498430636,0.23810790304534,39.1764705882353,46.9135135135135,854,232,6.37313432835821,0.311475409836066,0.5875,0.58635761589404,34.8692349966787,0.242794446292475,31.1472148541114,37.6882911392405
C3F07,92,51,4.63272727272727,0.543478260869565,NA,NA,29.0376676594523,0.262046909308104,18.5204686423156,19.2,1182,310,4.63272727272727,0.295262267343486,0.641818181818182,0.646805170821791,35.7834883050209,0.236888633076368,43.312858783008,56.6692381870781,1274,318,4.63272727272727,0.28021978021978,0.618333333333333,0.626059574468085,35.5754619241195,0.239376391467276,32.4546534959099,54.5356454720617,32,12,3.47826086956522,0.375,NA,NA,12,0.433619779261673,10.8641975308642,11.3333333333333,48,19,3.47826086956522,0.395833333333333,NA,NA,17.4866947936,0.377351636981076,10.5493928454217,11.3333333333333,80,22,3.47826086956522,0.275,NA,NA,15.2742615807363,0.393453390231971,9.27480916030534,10.8,19,13,4.10619469026549,0.631578947368421,NA,NA,12,0.349352070296687,9.95783132530121,16,445,182,4.10619469026549,0.438202247191011,0.6225,0.632196531791907,35.7518306525094,0.226027757013237,52.1468482742399,50.2113095238095,464,183,4.10619469026549,0.422413793103448,0.61,0.617534246575343,35.6173737444784,0.229426351035062,44.6340334812847,48.2805970149254,34,29,5.29203539823009,0.823529411764706,NA,NA,28,0.189607956365794,53.9466666666667,NA,564,206,5.29203539823009,0.398936170212766,0.656,0.650967741935484,35.6209095142181,0.229617168180517,48.2871690427699,58.597510373444,598,210,5.29203539823009,0.382943143812709,0.638,0.632925851703407,35.5245584751114,0.232524616447043,35.4834968343422,56.4814049586777
C3F08,102,57,5.31372549019608,0.598039215686274,0.61,0.61,31.8784359870807,0.235245875721178,25.8578947368421,29.0416666666667,711,183,5.31372549019608,0.288326300984529,0.552857142857143,0.542859477124183,34.0889100015085,0.257699604954254,28.8099853133064,37.7087719298246,813,196,5.31372549019608,0.279212792127921,0.54,0.543375350140056,34.0868899667834,0.255784211826024,27.0021199748744,35.1183144246353,65,41,4.52542372881356,0.646153846153846,NA,NA,29.5335247216777,0.24022349431896,24.8991935483871,29.2258064516129,202,68,4.52542372881356,0.356435643564356,0.445,0.462038834951456,28.9936660946545,0.290342777430664,29.0776557437436,26.6107382550336,267,84,4.52542372881356,0.337078651685393,0.49,0.477916666666667,29.4157383426535,0.283212419565571,25.6309484739088,27.0414507772021,15,12,10.2592592592593,0.866666666666667,NA,NA,13,0.211968941200356,23.25,NA,262,96,10.2592592592593,0.404580152671756,0.535,0.525398773006135,31.0916720367001,0.259228854114747,23.0797355873429,27.1176470588235,277,100,10.2592592592593,0.40072202166065,0.535,0.528314606741573,31.188820952381,0.258018009744004,22.4837662337662,29.0357142857143,5,5,5.42105263157895,1,NA,NA,5,0,Inf,NA,98,59,5.42105263157895,0.602040816326531,NA,NA,32.5346060094303,0.235754325425458,31.2964205816555,34.8928571428571,103,64,5.42105263157895,0.621359223300971,0.61,0.6175,33.3392146067834,0.225848217982767,34.3333333333333,36.8
C3F09,79,53,4.89887640449438,0.670886075949367,NA,NA,33.6599097105426,0.219408062032295,50.4821242624089,30.7,358,122,4.89887640449438,0.368715083798883,0.563333333333333,0.571119691119691,32.8260831668113,0.257749541179619,33.6941176470588,41.6666666666667,436,144,4.89887640449438,0.364678899082569,0.5775,0.591364985163205,33.9584556795299,0.25076210791026,37.4627678257815,48.4507936507936,NA,NA,NA,NA,NA,NA,NA,NA,NA,NA,31,7,Inf,0.225806451612903,NA,NA,7,0.539041102565182,7.75,10,NA,NA,NA,NA,NA,NA,NA,NA,NA,NA,20,17,5.03333333333333,0.8,NA,NA,16,0.239274830062035,21.0414201183432,NA,132,66,5.03333333333333,0.53030303030303,0.59,0.586969696969697,32.1357753523926,0.247507509488862,53.6182020894413,46.2222222222222,151,76,5.03333333333333,0.52317880794702,0.64,0.608076923076923,33.0235785987878,0.243428102044005,53.9711690363349,51.8785046728972,38,28,4.4468085106383,0.736842105263158,NA,NA,28,0.230523934778187,36.0703046357616,19.3333333333333,171,81,4.4468085106383,0.502923976608187,0.62,0.5675,32.8940024348253,0.244671000715805,31.3660337552743,40.4017857142857,209,93,4.4468085106383,0.478468899521531,0.59,0.589818181818182,33.8094894022907,0.243870273800814,44.3177461139896,43.9925925925926
C3F12,93,47,6.6436170212766,0.516129032258065,NA,NA,29.0484109184962,0.272265175293269,13.2857142857143,32.5853658536585,1156,271,6.6436170212766,0.268166089965398,0.587272727272727,0.605458845789972,35.0809282588268,0.246833229579035,37.3291666666667,48.813487881981,1249,279,6.6436170212766,0.256204963971177,0.575,0.590782608695652,34.992370834689,0.248350702964959,31.6253205128205,46.0222868217054,24,8,2.71794871794872,0.333333333333333,NA,NA,8,0.500459366180994,4.8,NA,82,17,2.71794871794872,0.195121951219512,NA,NA,13.1333064668409,0.440185602056903,9.87037037037037,11.8444444444444,106,19,2.71794871794872,0.160377358490566,0.17,0.161428571428571,12.8391873891155,0.440203879721481,8.49358974358974,11.6578947368421,13,11,5.73626373626374,0.846153846153846,NA,NA,11,0.241800725233799,16.736862745098,NA,509,175,5.73626373626374,0.390962671905697,0.638,0.627780487804878,34.8926208408889,0.235947340631406,51.8067330917874,53.2700729927007,522,175,5.73626373626374,0.383141762452107,0.62,0.622955082742317,34.8277511013033,0.23751111858783,45.6165518018441,49.0973236009732,34,28,11.7857142857143,0.823529411764706,NA,NA,28,0.189607956365794,53.9466666666667,NA,461,163,11.7857142857143,0.386117136659436,0.59,0.606104972375691,34.4299946367828,0.241344395362809,45.7113833464734,44.5119760479042,495,169,11.7857142857143,0.373737373737374,0.58,0.596136363636364,34.4289739780383,0.242626995395628,42.3518379112808,42.3381502890173
C3F14,123,61,6.89423076923077,0.528455284552846,0.58,0.58625,30.9694859817148,0.251829644646438,27.675,35.15,1311,299,6.89423076923077,0.26697177726926,0.610769230769231,0.618333333333333,35.5521169002722,0.242917644738997,37.3536740843765,45.8197879858657,1434,307,6.89423076923077,0.257322175732218,0.622857142857143,0.618771535580524,35.4997275182606,0.243241538383672,39.9566563467492,46.6949286846276,23,15,5.44444444444444,0.608695652173913,NA,NA,14,0.340983890736803,19.7329545454545,14,26,15,5.44444444444444,0.576923076923077,NA,NA,15,0.345416861942904,18.1870554765292,19.0909090909091,49,25,5.44444444444444,0.530612244897959,NA,NA,23.9027741068675,0.310388098744898,21.0198863636364,23.2903225806452,16,13,7.83050847457627,0.8125,NA,NA,13,0.249388967831814,18.2225287356322,NA,446,172,7.83050847457627,0.428251121076233,0.6325,0.634351585014409,35.8076727952161,0.229068243160506,44.3363015013222,49.9442970822281,462,176,7.83050847457627,0.426406926406926,0.6525,0.638539944903581,35.9325128262707,0.228331125371597,48.6714085041352,53.1348600508906,41,30,6.11904761904762,0.780487804878049,NA,NA,32,0.203422190747005,52.2977777777778,NA,730,211,6.11904761904762,0.324657534246575,0.624285714285714,0.622171156893819,35.0856634314541,0.244115347214513,35.0907751252579,46.3863247863248,771,218,6.11904761904762,0.319066147859922,0.62,0.623675595238095,35.1438885978881,0.243970931553677,38.005629877369,47.4304
C3F19,47,32,6.16279069767442,0.872340425531915,NA,NA,37.0360496734225,0.14565215692165,103.086666666667,NA,483,167,6.16279069767442,0.383022774327122,0.6025,0.595208333333333,33.6565091799744,0.24053433757087,40.3878424657534,40.4221556886228,530,184,6.16279069767442,0.39811320754717,0.616,0.616473317865429,34.0069993482432,0.232153554131203,41.5754524226503,44.3044619422572,NA,NA,NA,NA,NA,NA,NA,NA,NA,NA,NA,NA,NA,NA,NA,NA,NA,NA,NA,NA,NA,NA,NA,NA,NA,NA,NA,NA,NA,NA,2,2,7.46875,1,NA,NA,2,0,Inf,NA,237,99,7.46875,0.455696202531646,0.615,0.584202898550725,33.1252545058336,0.246017609977358,36.6785714285714,41.5989847715736,239,101,7.46875,0.460251046025105,0.615,0.585214285714286,33.2543625899861,0.244080901292977,36.9880952380952,41.5989847715736,45,30,5.15909090909091,0.866666666666667,NA,NA,36.6575757575758,0.150794176102458,94.5,NA,182,86,5.15909090909091,0.5,0.57,0.57144578313253,32.1928864402421,0.242763130340065,35.5852068126521,33.7628865979381,227,105,5.15909090909091,0.515418502202643,0.625,0.606015625,33.3442485562425,0.227717033244836,42.4118606367278,42.4507042253521
C3F20,49,30,3.42857142857143,0.63265306122449,NA,NA,28.152950310559,0.263820571224878,18.2286422120994,18.7333333333333,407,118,3.42857142857143,0.324324324324324,0.5075,0.525909090909091,31.6409368694227,0.267972673823079,17.4841040462428,28.660447761194,456,131,3.42857142857143,0.320175438596491,0.495,0.51641456582633,32.2264422753625,0.264496374571461,18.0393178941098,27.5576923076923,36,23,2.63333333333333,0.638888888888889,NA,NA,23,0.283432162359558,25.5759493670886,18.5714285714286,43,19,2.63333333333333,0.441860465116279,NA,NA,18.7674418604651,0.364610302454627,14.3333333333333,17.1764705882353,79,34,2.63333333333333,0.430379746835443,NA,NA,23.7972813376241,0.318872865545539,15.8,17.6511627906977,13,8,3.47727272727273,0.615384615384615,NA,NA,8,0.412218199823295,5.82869910625621,NA,293,102,3.47727272727273,0.389078498293515,0.56,0.547371134020619,31.2385983432431,0.25955318610833,20.258273866382,32.391959798995,306,105,3.47727272727273,0.382352941176471,0.516666666666667,0.541449275362319,31.3511097316368,0.259952669078082,20.664316057774,32.1893203883495,NA,NA,NA,NA,NA,NA,NA,NA,NA,NA,22,13,4.4,0.590909090909091,NA,NA,13,0.356069008899687,11,14.25,NA,NA,NA,NA,NA,NA,NA,NA,NA,NA
C3F21,64,44,7.84313725490196,0.703125,NA,NA,32.473382055695,0.216540185879901,34.013986013986,29.875,1137,288,7.84313725490196,0.297273526824978,0.615454545454545,0.61276493256262,35.6393314460471,0.23753172046681,39.3233778856772,46.234273318872,1200,299,7.84313725490196,0.294166666666667,0.615833333333333,0.616630336058129,35.6660387995431,0.236743571327119,37.4927920383585,46.453044375645,NA,NA,NA,NA,NA,NA,NA,NA,NA,NA,21,13,4.2,0.714285714285714,NA,NA,15,0.289110112550862,21,18.1666666666667,NA,NA,NA,NA,NA,NA,NA,NA,NA,NA,9,6,12.0606060606061,0.666666666666667,NA,NA,6,0.439754345610243,9,NA,389,152,12.0606060606061,0.439588688946015,0.643333333333333,0.630827586206897,35.3594160486717,0.230682422629586,37.8349311493838,51.8814102564103,398,154,12.0606060606061,0.439698492462312,0.636666666666667,0.63056856187291,35.490917979,0.229766128143676,37.0703736853882,53.1114649681529,43,31,7.1530612244898,0.720930232558139,NA,NA,30.4418604651163,0.230779176574908,31.2797833935018,25.5789473684211,659,198,7.1530612244898,0.332321699544765,0.613333333333333,0.604535714285714,34.8803172249549,0.245378726547982,34.532505757921,42.9742063492063,701,209,7.1530612244898,0.33095577746077,0.602857142857143,0.607890365448505,34.9635999092295,0.243518968091756,35.1151486988848,42.6754385964912
C3G01,15,11,7.20833333333333,0.733333333333333,NA,NA,11,0.312061704735338,12.5764925373134,NA,504,184,7.20833333333333,0.400793650793651,0.614,0.647456790123457,35.0698493353023,0.233176087780567,35.631983805668,54.43429844098,519,186,7.20833333333333,0.393063583815029,0.608,0.639666666666667,35.0960410236047,0.234540982537401,34.5915050809084,50.3377777777778,NA,NA,NA,NA,NA,NA,NA,NA,NA,NA,68,27,34,0.426470588235294,NA,NA,21.6841675163084,0.331986062054004,18.9081031435206,15.2727272727273,NA,NA,NA,NA,NA,NA,NA,NA,NA,NA,NA,NA,NA,NA,NA,NA,NA,NA,NA,NA,81,59,16.2,0.740740740740741,NA,NA,35.5044889826535,0.189164536735579,87.48,NA,NA,NA,NA,NA,NA,NA,NA,NA,NA,NA,8,7,5.66666666666667,0.875,NA,NA,7,0.266656894979008,12.96,NA,332,144,5.66666666666667,0.454819277108434,0.653333333333333,0.635793991416309,34.8306317380017,0.232016412337724,52.3606517435663,52.8208955223881,340,145,5.66666666666667,0.447058823529412,0.65,0.635601659751037,34.8154981329969,0.233578755423182,48.7624232996284,50.3977695167286
C3G02,44,29,6.18493150684932,0.681818181818182,NA,NA,29.0835095137421,0.248158952275876,33.4837476099426,NA,857,228,6.18493150684932,0.302217036172695,0.62625,0.630461741424802,34.2377416317849,0.245787176372515,36.265907590056,50.5387811634349,903,228,6.18493150684932,0.289036544850498,0.603333333333333,0.615460199004975,34.1584440283961,0.248401871109167,34.7070676139147,42.7643835616438,6,4,3.07692307692308,0.666666666666667,NA,NA,4,0.539268285034663,6,NA,34,13,3.07692307692308,0.382352941176471,NA,NA,13,0.421925442268845,11.3333333333333,13.0833333333333,40,15,3.07692307692308,0.375,NA,NA,15,0.407389738766144,13.3333333333333,12.5384615384615,28,24,5.98611111111111,0.857142857142857,NA,NA,24,0.178792344233221,54.88,NA,401,142,5.98611111111111,0.394014962593516,0.6325,0.64294701986755,34.3405753211379,0.244317278657598,45.1727954183619,57.16,431,142,5.98611111111111,0.368909512761021,0.625,0.619969879518072,34.3315936848388,0.249798416654891,37.6611904761905,41.1413043478261,10,9,7.43478260869565,0.9,NA,NA,9,0.21391000575166,28,NA,332,135,7.43478260869565,0.433734939759036,0.63,0.635793991416309,33.0946384389694,0.238903436398104,39.6170060735977,52.7316017316017,342,137,7.43478260869565,0.426900584795322,0.63,0.634115226337449,32.9284653917052,0.239937388817995,36.8702702702703,47.8037037037037
C3G04,65,46,7.6063829787234,0.723076923076923,NA,NA,33.8909274193548,0.206989435506795,43.6944444444444,NA,651,203,7.6063829787234,0.348694316436252,0.611666666666667,0.618278985507246,34.070473809979,0.240415406106758,46.8616511330753,50.0826271186441,715,220,7.6063829787234,0.34965034965035,0.634285714285714,0.63349025974026,34.5883466318972,0.236677034812415,46.0240938877877,52.8786692759296,NA,NA,NA,NA,NA,NA,NA,NA,NA,NA,30,12,Inf,0.4,NA,NA,12,0.427063696830752,11.755426269859,12,NA,NA,NA,NA,NA,NA,NA,NA,NA,NA,NA,NA,NA,NA,NA,NA,NA,NA,NA,NA,201,82,7.17857142857143,0.447761194029851,0.58,0.567450980392157,31.3464553270672,0.256479643134104,37.9262443438914,37.3571428571429,NA,NA,NA,NA,NA,NA,NA,NA,NA,NA,53,36,7.48076923076923,0.69811320754717,NA,NA,31.7064202168531,0.229117748269549,22.2406033630069,NA,337,140,7.48076923076923,0.448071216617211,0.633333333333333,0.638613445378151,33.9786018712243,0.233605568037401,53.5870754342007,55.9220779220779,389,158,7.48076923076923,0.447300771208226,0.626666666666667,0.658379310344828,34.6565932736588,0.22822875262692,55.5081200310258,56.672
C3G05,101,47,7.90990990990991,0.514851485148515,0.52,0.52,28.2790323477579,0.267897427510079,11.4171931407942,16.8333333333333,778,251,7.90990990990991,0.362467866323907,0.618571428571429,0.624182621502209,35.3318613854642,0.22963681824911,40.137559354226,56.5448818897638,878,266,7.90990990990991,0.345102505694761,0.60375,0.618241335044929,35.0488939871492,0.230930950606249,33.4680592592593,56.4111747851003,8,4,7.23529411764706,0.5,NA,NA,4,0.607538576268332,8,NA,115,49,7.23529411764706,0.478260869565217,0.51,0.499375,25.7294185052377,0.274655299116753,20.6410256410256,23.1333333333333,123,49,7.23529411764706,0.447154471544715,0.48,0.48125,24.4499559818198,0.282893766111083,18.6957319014498,21.7096774193548,41,19,11.6818181818182,0.48780487804878,NA,NA,20,0.346202143736434,5.26155956112853,16.8333333333333,217,108,11.6818181818182,0.525345622119816,0.6,0.628050847457627,34.1911292017815,0.226295146786461,40.263245086893,48.9349112426035,257,113,11.6818181818182,0.478599221789883,0.57,0.56753164556962,32.7720264755059,0.23474103002237,22.6137737565315,42.3186813186813,52,35,6.60606060606061,0.75,NA,NA,32.8856496444732,0.205982547625394,55.12,NA,384,161,6.60606060606061,0.455729166666667,0.673333333333333,0.65978947368421,35.6372037375343,0.226055785950251,59.4285714285714,65.7306273062731,436,176,6.60606060606061,0.447247706422018,0.6675,0.669525222551929,35.8255098359895,0.223961953009664,60.7612956570044,67.7645161290323
C3G07,103,55,4.91724137931034,0.572815533980582,0.58,0.5875,32.8124620229013,0.24439130965023,24.5570621468927,46.4705882352941,610,216,4.91724137931034,0.39344262295082,0.675,0.691037181996086,35.9454009037273,0.228514865256895,73.0665497661991,75.8556263269639,713,232,4.91724137931034,0.364656381486676,0.657142857142857,0.679674267100977,35.8064639031827,0.231995332312411,55.1726190476191,63.3122866894198,NA,NA,NA,NA,NA,NA,NA,NA,NA,NA,38,22,2.23529411764706,0.578947368421053,NA,NA,22,0.308394770019327,21.0196850393701,15.3333333333333,NA,NA,NA,NA,NA,NA,NA,NA,NA,NA,12,4,4.43859649122807,0.333333333333333,NA,NA,4,0.640058975962218,6,NA,241,112,4.43859649122807,0.510373443983402,0.705,0.683661971830986,34.7155524298191,0.226897538006875,62.1632938978829,70.1490683229814,253,113,4.43859649122807,0.494071146245059,0.695,0.680714285714286,34.343944905973,0.230268479387714,56.925,66.8690476190476,71,45,7.33333333333333,0.676056338028169,NA,NA,33.013169231828,0.222730292007527,64.1730769230769,39.8947368421053,281,139,7.33333333333333,0.512455516014235,0.67,0.707857142857143,36.0411863386739,0.220049100161127,89.1366264317819,88.72,352,153,7.33333333333333,0.460227272727273,0.676666666666667,0.686245059288538,35.6555970121646,0.227972157249494,69.3995472609286,63.0836501901141
C3G08,92,63,4.21951219512195,0.695652173913043,NA,NA,34.5026684888274,0.202159597050316,54.0526883654019,62.3809523809524,254,105,4.21951219512195,0.47244094488189,0.585,0.621096774193548,33.6960640921792,0.237296939171575,45.2174257870223,44.5771812080537,346,142,4.21951219512195,0.453757225433526,0.606666666666667,0.641133603238866,34.6108617030509,0.23071881850587,48.9120845557952,47.7328244274809,NA,NA,NA,NA,NA,NA,NA,NA,NA,NA,NA,NA,NA,NA,NA,NA,NA,NA,NA,NA,NA,NA,NA,NA,NA,NA,NA,NA,NA,NA,NA,NA,NA,NA,NA,NA,NA,NA,NA,NA,107,54,3.14705882352941,0.570093457943925,0.57,0.57625,31.388681098569,0.243432595500175,37.3300795372379,45.2682926829268,NA,NA,NA,NA,NA,NA,NA,NA,NA,NA,89,62,4.95348837209302,0.707865168539326,NA,NA,34.8052319274675,0.198709430641215,69.3168153049482,62.3809523809524,124,67,4.95348837209302,0.588709677419355,0.61,0.6072,33.1916424986767,0.229139774797598,55.9295039164491,44.2857142857143,213,109,4.95348837209302,0.539906103286385,0.625,0.650877192982456,34.7444695802314,0.222205910085626,54.800738968136,50.2585034013605
C3G10,378,149,5.21008403361345,0.436507936507937,0.626666666666667,0.60426523297491,34.339518527019,0.232786985531805,33.5496200395379,43.2117647058824,863,258,5.21008403361345,0.347624565469293,0.62125,0.618861256544503,34.7519907898627,0.230725943993879,34.0143421834106,51.3419913419913,1240,328,5.21008403361345,0.312903225806452,0.633333333333333,0.629141104294479,35.3238879410565,0.229630819993419,40.3939393939394,50.7263374485597,NA,NA,NA,NA,NA,NA,NA,NA,NA,NA,44,31,3.66666666666667,0.704545454545455,NA,NA,29.906976744186,0.237298246980739,36.9032258064516,27.0769230769231,NA,NA,NA,NA,NA,NA,NA,NA,NA,NA,135,74,5.31132075471698,0.577777777777778,0.67,0.65,32.9157736808667,0.229117851590377,44.2527756135567,57.9690721649485,429,166,5.31132075471698,0.44988344988345,0.675,0.667575757575758,35.3775669608149,0.223738542833043,47.8947807130033,63.931693989071,563,198,5.31132075471698,0.408525754884547,0.67,0.669698275862069,35.4110526696686,0.226693618643239,54.7361111111111,65.2938596491228,208,95,5.8021978021978,0.504807692307692,0.59,0.598807339449541,34.0881601785488,0.235050300394487,25.9918842992405,36.7685950413223,320,127,5.8021978021978,0.4375,0.566666666666667,0.579773755656109,32.8367981890163,0.239181048259712,35.588680995825,35.5336538461538,528,182,5.8021978021978,0.388257575757576,0.6,0.598624708624709,34.2793036194754,0.235433512606293,31.2023735865861,35.9169054441261
C3G11,NA,NA,NA,NA,NA,NA,NA,NA,NA,NA,104,56,2.73684210526316,0.557692307692308,0.56,0.558,30.6355649790929,0.249669864299305,13.1323687031083,31.34,NA,NA,NA,NA,NA,NA,NA,NA,NA,NA,NA,NA,NA,NA,NA,NA,NA,NA,NA,NA,NA,NA,NA,NA,NA,NA,NA,NA,NA,NA,NA,NA,NA,NA,NA,NA,NA,NA,NA,NA,NA,NA,NA,NA,NA,NA,NA,NA,NA,NA,26,14,5.2,0.5,NA,NA,13,0.387754303447549,5.54291338582677,15.1111111111111,NA,NA,NA,NA,NA,NA,NA,NA,NA,NA,NA,NA,NA,NA,NA,NA,NA,NA,NA,NA,71,43,2.29032258064516,0.619718309859155,NA,NA,31.0704654387369,0.246241738579148,23.6666666666667,34.9024390243902,NA,NA,NA,NA,NA,NA,NA,NA,NA,NA
C3H01,306,109,3.91082802547771,0.382352941176471,0.52,0.509855072463768,32.0561542156594,0.259952669078082,26.3438349954669,29.743961352657,922,185,3.91082802547771,0.234273318872017,0.521111111111111,0.521567436208991,32.6552166360595,0.267781460067373,20.9119481868476,29.6194824961948,1228,225,3.91082802547771,0.215798045602606,0.536666666666667,0.531886625332152,33.4194938576092,0.264165335628526,22.3013415892673,32.3918918918919,10,6,2.22222222222222,0.6,NA,NA,6,0.47100822669711,10,NA,30,13,2.22222222222222,0.433333333333333,NA,NA,13,0.407984403022899,18.8235294117647,10.8666666666667,40,18,2.22222222222222,0.425,NA,NA,17,0.38050953723893,18.0769230769231,14.04,32,25,6.43478260869565,0.78125,NA,NA,25,0.21753934163802,27.5138164251208,NA,413,114,6.43478260869565,0.300242130750605,0.48,0.472006369426752,30.4260046256454,0.276328378491147,17.4241214838973,25.6509803921569,444,127,6.43478260869565,0.310810810810811,0.5175,0.493652173913044,31.347411362383,0.269093318310162,17.5655833985904,28.1277372262774,263,93,3.30222222222222,0.384030418250951,0.53,0.496280487804878,31.1469530812536,0.266408639490085,25.9941860465116,28.3548387096774,480,139,3.30222222222222,0.33125,0.55,0.559186351706037,32.9122668724668,0.258353408310987,25.574451712197,33.1078717201166,743,174,3.30222222222222,0.27321668909825,0.552857142857143,0.547142857142857,33.1203970597058,0.261464466595498,26.0755135205408,35.0863970588235
C3H03,NA,NA,NA,NA,NA,NA,NA,NA,NA,NA,412,155,8.07843137254902,0.395631067961165,0.6025,0.625303514376997,33.3572913547324,0.242684128743459,34.3333333333333,46.9739776951673,NA,NA,NA,NA,NA,NA,NA,NA,NA,NA,NA,NA,NA,NA,NA,NA,NA,NA,NA,NA,18,10,Inf,0.555555555555556,NA,NA,10,0.402498256813024,9.75,13.6,NA,NA,NA,NA,NA,NA,NA,NA,NA,NA,NA,NA,NA,NA,NA,NA,NA,NA,NA,NA,104,61,6.5,0.586538461538462,0.58,0.592,32.9425144722002,0.238645486177816,31.12783666259,42.1,NA,NA,NA,NA,NA,NA,NA,NA,NA,NA,NA,NA,NA,NA,NA,NA,NA,NA,NA,NA,252,111,9,0.472222222222222,0.635,0.643790849673203,32.6787860878957,0.237709557648682,36.0954105680973,46.7383720930233,NA,NA,NA,NA,NA,NA,NA,NA,NA,NA
C3H05,NA,NA,NA,NA,NA,NA,NA,NA,NA,NA,239,114,4.87755102040816,0.502092050209205,0.68,0.677357142857143,34.4908735556404,0.229989690498808,41.1396953405018,65.6388888888889,NA,NA,NA,NA,NA,NA,NA,NA,NA,NA,NA,NA,NA,NA,NA,NA,NA,NA,NA,NA,NA,NA,NA,NA,NA,NA,NA,NA,NA,NA,NA,NA,NA,NA,NA,NA,NA,NA,NA,NA,NA,NA,NA,NA,NA,NA,NA,NA,NA,NA,113,76,4.52,0.699115044247788,0.68,0.717142857142857,35.6343703016087,0.192040005154903,83.1629213483146,78,NA,NA,NA,NA,NA,NA,NA,NA,NA,NA,NA,NA,NA,NA,NA,NA,NA,NA,NA,NA,110,59,6.875,0.563636363636364,0.59,0.571818181818182,31.9830492003605,0.244440963896467,30.29296875,38.8378378378378,NA,NA,NA,NA,NA,NA,NA,NA,NA,NA
C3H06,2,2,3.81132075471698,1,NA,NA,2,0,Inf,NA,200,103,3.81132075471698,0.555,0.685,0.677029702970297,35.2790240187569,0.219760200572534,63.9443950057978,71.982905982906,202,103,3.81132075471698,0.54950495049505,0.685,0.668155339805825,35.1969726156796,0.221193956240293,61.5444200566838,68.593220338983,NA,NA,NA,NA,NA,NA,NA,NA,NA,NA,13,10,3.25,0.769230769230769,NA,NA,10,0.30302704460347,15.7733333333333,NA,NA,NA,NA,NA,NA,NA,NA,NA,NA,NA,NA,NA,NA,NA,NA,NA,NA,NA,NA,NA,51,42,3.64285714285714,0.862745098039216,NA,NA,37.0042016806723,0.148289270253611,104.04,NA,NA,NA,NA,NA,NA,NA,NA,NA,NA,NA,2,2,4.33333333333333,1,NA,NA,2,0,Inf,NA,115,67,4.33333333333333,0.634782608695652,0.64,0.644375,34.3900934602318,0.215591549460679,64.7575929263811,56.0476190476191,117,67,4.33333333333333,0.623931623931624,0.63,0.634444444444444,34.2320189731368,0.218847807926096,66.0340909090909,50.3181818181818
C3H07,74,50,5.7603305785124,0.689189189189189,NA,NA,33.4111466280094,0.215099904986959,56.1543408360129,70.1666666666667,622,181,5.7603305785124,0.321543408360129,0.565,0.57678776290631,34.7496425933674,0.251260417106685,24.6288819875776,38.9558498896247,697,194,5.7603305785124,0.309899569583931,0.575,0.574648829431438,34.9189982426708,0.25087199471253,26.6789033942559,39.9353535353535,25,23,3.66666666666667,0.92,NA,NA,23,0.136125270799096,87.5000000000001,NA,85,36,3.66666666666667,0.435294117647059,NA,NA,25.7662179785577,0.311499732249311,11.8055555555556,16.25,110,51,3.66666666666667,0.481818181818182,0.5,0.480909090909091,28.8791738714795,0.275856411023146,15.7142857142857,24.0677966101695,18,15,6.56521739130435,0.833333333333333,NA,NA,15,0.224167758664919,19.62,NA,284,99,6.56521739130435,0.380281690140845,0.535,0.521297297297297,32.5018067425576,0.26412908768575,23.8477357240409,29.7828571428571,302,103,6.56521739130435,0.370860927152318,0.543333333333333,0.520394088669951,32.6487314159121,0.264654550549703,22.9894044424337,30.3028571428571,31,24,6.07317073170732,0.774193548387097,NA,NA,24,0.22354894926321,30.1966536964981,NA,217,105,6.07317073170732,0.506912442396313,0.625,0.604661016949153,35.0259087889649,0.232488810530858,34.4590375553984,38.1794871794872,249,114,6.07317073170732,0.485943775100402,0.635,0.6116,35.1428766144146,0.233634102220659,38.3958630293585,40.8260869565217
C3H08,3,3,12.9090909090909,1,NA,NA,3,0,Inf,NA,139,80,12.9090909090909,0.597122302158273,0.65,0.5975,32.0493794824189,0.220819526472825,22.0355901445756,42.1917808219178,142,83,12.9090909090909,0.605633802816901,0.65,0.611627906976744,32.3705159241924,0.216829519357267,22.5484400551099,44.2631578947368,NA,NA,NA,NA,NA,NA,NA,NA,NA,NA,10,9,Inf,0.9,NA,NA,9,0.21391000575166,28,NA,NA,NA,NA,NA,NA,NA,NA,NA,NA,NA,2,2,10.5,1,NA,NA,2,0,Inf,NA,61,48,10.5,0.80327868852459,NA,NA,35.5495051307355,0.172762252113222,61.5952202643172,NA,63,50,10.5,0.80952380952381,NA,NA,35.9002291556496,0.168359598770241,65.3409712230216,NA,1,1,15,1,NA,NA,1,NA,Inf,NA,59,28,15,0.491525423728814,NA,NA,23.080656762909,0.313626638890361,8.29834010241921,22,60,29,15,0.5,NA,NA,23.5134592097207,0.308557556518826,8.43898993466361,22
C3H13,123,78,12.0222222222222,0.642276422764228,0.7,0.705833333333333,35.3510026149332,0.209815830624098,44.0821678321678,61.1384615384615,2041,354,12.0222222222222,0.211660950514454,0.612,0.611101956745623,34.6188453513756,0.2481065716054,44.6345648020211,49.598891966759,2164,375,12.0222222222222,0.210258780036969,0.615238095238095,0.607796610169491,34.7875309811069,0.246742432356285,40.5699346095681,47.9043615344193,NA,NA,NA,NA,NA,NA,NA,NA,NA,NA,28,22,9.33333333333333,0.785714285714286,NA,NA,22,0.223630320432493,32.2933333333333,NA,NA,NA,NA,NA,NA,NA,NA,NA,NA,NA,54,41,14.5692307692308,0.796296296296296,NA,NA,35.2427027898726,0.181554528767068,36.6867973335986,18.3333333333333,893,216,14.5692307692308,0.282194848824188,0.60375,0.598186397984887,33.7558940799736,0.251198535629654,44.9427293163356,48.4441558441558,947,228,14.5692307692308,0.278775079197466,0.592222222222222,0.594941037735849,33.9428196465996,0.250243677118759,44.1544295640067,46.700495049505,50,37,10.4421052631579,0.74,NA,NA,32.6285714285714,0.212846000924308,39.9993885288003,NA,942,246,10.4421052631579,0.290870488322718,0.621111111111111,0.625017793594306,34.5472894583311,0.246238319547928,41.3157894736842,52.8144963144963,992,255,10.4421052631579,0.285282258064516,0.615555555555556,0.622206047032475,34.7024019727374,0.246304742669126,40.4860981142429,51.4609929078014
C3H14,39,24,5.568,0.615384615384615,NA,NA,24,0.288604071365283,19.5,28,657,175,5.568,0.292237442922374,0.558333333333333,0.568136200716846,34.0658347839259,0.259420332805767,26.8275,41.2674418604651,696,179,5.568,0.280172413793103,0.528333333333333,0.553601340033501,33.901462862395,0.261503982223323,24,38.8579545454545,12,5,8.6,0.416666666666667,NA,NA,5,0.571370859531876,7.26119402985075,NA,31,11,8.6,0.354838709677419,NA,NA,11,0.44978846919326,5.94590163934426,10,43,14,8.6,0.325581395348837,NA,NA,13.8604651162791,0.427371408837491,7.53087431693989,12.7692307692308,11,10,6.81081081081081,0.909090909090909,NA,NA,10,0.195365231920919,33.88,NA,241,99,6.81081081081081,0.439834024896266,0.63,0.587253521126761,34.1529167558547,0.250734153252998,43.0810647639956,44.5333333333333,252,100,6.81081081081081,0.420634920634921,0.63,0.561307189542484,33.9760984252201,0.25537829810907,34.5422624053827,40.7096774193548,16,11,4.95,0.6875,NA,NA,11,0.335012060721005,13.0149253731343,10,380,121,4.95,0.334210526315789,0.556666666666667,0.541814946619217,32.2948862711197,0.26743055068295,28.0165394402036,38.9025270758123,396,122,4.95,0.323232323232323,0.536666666666667,0.525993265993266,32.0145373961253,0.269603031599924,24.4530446549391,37.5471014492754
C3H15,83,45,8.13861386138614,0.542168674698795,NA,NA,27.425125537311,0.268681898851694,8.44285957736878,31.8723404255319,739,209,8.13861386138614,0.320703653585927,0.621428571428571,0.6213125,34.1749491369968,0.244985890795279,47.4106134613167,54.7959183673469,822,221,8.13861386138614,0.302919708029197,0.59125,0.602558782849239,33.9534043974402,0.247074051900429,30.8301503759399,43.9661266568483,NA,NA,NA,NA,NA,NA,NA,NA,NA,NA,24,15,6,0.625,NA,NA,15,0.327338585196246,19.5223880597015,16.3,NA,NA,NA,NA,NA,NA,NA,NA,NA,NA,8,8,14,1,NA,NA,8,0,Inf,NA,328,110,14,0.375,0.593333333333333,0.5782096069869,31.8268255103396,0.259417936629093,34.6222222222222,42.0934959349593,336,112,14,0.37202380952381,0.593333333333333,0.581139240506329,31.8251220191088,0.259390546616885,37.3333333333333,41.58984375,59,38,6.74576271186441,0.644067796610169,NA,NA,29.4862004026235,0.246838092339179,25.2246376811594,27.7179487179487,339,140,6.74576271186441,0.457227138643068,0.666666666666667,0.660083333333333,34.8529939436755,0.230409477114536,78.1574317855433,69.75,398,149,6.74576271186441,0.412060301507538,0.616666666666667,0.610735785953177,34.3918920185021,0.238670460137459,42.4717592592593,47.877133105802
C3H16,53,31,5.41228070175439,0.60377358490566,NA,NA,27.4723054969448,0.2714814107194,26.1506746007149,19.0769230769231,564,166,5.41228070175439,0.319148936170213,0.57,0.57741935483871,33.0326993420366,0.25598179345786,26.691070163005,40.7340659340659,617,180,5.41228070175439,0.319286871961102,0.573333333333333,0.575559845559846,33.1751498474935,0.252355610937642,27.5702289589069,41.0918163672655,NA,NA,NA,NA,NA,NA,NA,NA,NA,NA,50,21,1.92307692307692,0.4,NA,NA,18.5041945270128,0.371298411448054,15.587219343696,12.92,NA,NA,NA,NA,NA,NA,NA,NA,NA,NA,8,7,8.19047619047619,0.875,NA,NA,7,0.266656894979008,17.92,NA,164,74,8.19047619047619,0.469512195121951,0.58,0.558307692307692,32.1866251810348,0.25871848697045,36.8247722661141,34.4375,172,77,8.19047619047619,0.47093023255814,0.57,0.560684931506849,32.6051752708568,0.255812942122385,46.2068656585963,36.2386363636364,21,14,5.90384615384615,0.666666666666667,NA,NA,14,0.317369661721971,21,10,286,111,5.90384615384615,0.426573426573427,0.6,0.602459893048128,32.5888604498405,0.24763465346393,25.1379310344828,46.5845410628019,307,120,5.90384615384615,0.42671009771987,0.58,0.594855769230769,32.9221482355995,0.244524787803535,23.3276728145149,46.131455399061
C3I02,21,13,4.76756756756757,0.619047619047619,NA,NA,13,0.345156505798292,15.75,NA,861,237,4.76756756756757,0.318234610917538,0.62625,0.630301837270341,34.6530769445305,0.240259160047462,42.3077586206897,49.1582002902758,882,240,4.76756756756757,0.3140589569161,0.62125,0.629604086845466,34.6488470886285,0.240782416753628,40.9210722263589,48.714899713467,7,3,1.46153846153846,0.428571428571429,NA,NA,3,0.717799441420807,7,NA,12,4,1.46153846153846,0.333333333333333,NA,NA,4,0.640058975962218,6,NA,19,6,1.46153846153846,0.315789473684211,NA,NA,6,0.553298601568156,9.5,NA,5,5,4.54878048780488,1,NA,NA,5,0,Inf,NA,369,146,4.54878048780488,0.441734417344173,0.65,0.64837037037037,34.6431996602006,0.232051937115519,59.4689324289683,54.2241379310345,373,146,4.54878048780488,0.436997319034853,0.653333333333333,0.64536496350365,34.6022877835174,0.233152712577877,50.6838727678571,52.1700680272109,2,2,5.98412698412698,1,NA,NA,2,0,Inf,NA,375,146,5.98412698412698,0.429333333333333,0.623333333333333,0.623695652173913,34.1776270103402,0.235418564139023,40.9109477124183,48.8020833333333,377,148,5.98412698412698,0.43236074270557,0.626666666666667,0.627661870503597,34.2506349791702,0.234228095299847,41.1291394335512,49.9379310344828
C3I03,72,44,11.109756097561,0.597222222222222,NA,NA,29.9067156562564,0.254743148407582,23.4746059544659,20.7222222222222,839,233,11.109756097561,0.317044100119189,0.5775,0.567094594594595,33.929993386003,0.241577329672942,26.965817831216,37.7092651757188,911,241,11.109756097561,0.29967069154775,0.558888888888889,0.553731527093596,34.232507307186,0.244442913070672,22.7075456890551,36.558734939759,9,9,12,1,NA,NA,9,0,Inf,NA,27,19,12,0.703703703703704,NA,NA,19,0.272923988748005,22.5786026200873,16.9,36,22,12,0.666666666666667,NA,NA,24,0.269634142517332,18.9642857142857,18.8947368421053,NA,NA,NA,NA,NA,NA,NA,NA,NA,NA,384,152,12.3870967741935,0.427083333333333,0.61,0.573964912280702,33.5912382466256,0.235207750143455,28.6249195899578,46.7046263345196,NA,NA,NA,NA,NA,NA,NA,NA,NA,NA,14,13,15.92,0.928571428571429,NA,NA,13,0.15652780114541,54.88,NA,384,134,15.92,0.3828125,0.586666666666667,0.569649122807018,33.3047093878414,0.249877461531245,26.1443435177539,28.6133828996283,398,136,15.92,0.371859296482412,0.573333333333333,0.553244147157191,33.26808006302,0.2521094440974,23.1122283099524,28.1835205992509
C3I04,98,58,7.68217054263566,0.622448979591837,NA,NA,32.9320479857244,0.227878649899348,41.3763581051717,53.875,893,243,7.68217054263566,0.319148936170213,0.61875,0.629672544080605,35.2427696105212,0.238669200789273,42.4233097880928,45.6532467532468,991,260,7.68217054263566,0.306760847628658,0.623333333333333,0.625885650224215,35.3173536189453,0.23910621687787,37.1480599500416,45.9988385598142,11,4,6.33333333333333,0.363636363636364,NA,NA,4,0.63647630303931,6.41666666666667,NA,84,39,6.33333333333333,0.5,NA,NA,26.6981685853502,0.285125973611726,21.9121996303142,21.7358490566038,95,42,6.33333333333333,0.473684210526316,NA,NA,27.1068505085827,0.288037594601683,23.7940358467244,22.8253968253968,28,22,7.8974358974359,0.857142857142857,NA,NA,24,0.178792344233221,41.44,NA,280,123,7.8974358974359,0.471428571428571,0.645,0.638397790055249,34.6523922727798,0.233526140975745,58.8338630758477,51.5869565217391,308,128,7.8974358974359,0.454545454545455,0.643333333333333,0.633349282296651,34.6203663345324,0.235144467699928,47.8228136882129,48.01,59,41,9.84313725490196,0.711864406779661,NA,NA,32.1589406010643,0.216952626906018,59,52.3333333333333,443,165,9.84313725490196,0.422121896162528,0.635,0.655552325581395,34.9861478320977,0.231262825630889,46.9541070896634,49.3370473537604,502,179,9.84313725490196,0.402390438247012,0.642,0.646550868486352,34.9162796511772,0.232817284177431,40.3535074178887,51.245145631068
C3I05,304,143,5.15286624203822,0.529605263157895,0.69,0.732292682926829,36.3270432486334,0.211610622417312,38.9319217367998,88.4193548387097,1313,283,5.15286624203822,0.252094440213252,0.594615384615385,0.611128500823723,35.1364433888841,0.248082505529423,35.7972225904812,47.3656987295826,1618,334,5.15286624203822,0.247836835599506,0.601875,0.613851217906517,35.6171540235579,0.242554906151896,34.1165745867705,46.1639097744361,29,13,3.12,0.448275862068966,NA,NA,13,0.403652406150305,9.66666666666667,13.25,49,18,3.12,0.36734693877551,NA,NA,16.6747595103661,0.390183935143105,11.025,12.15,78,24,3.12,0.307692307692308,NA,NA,16.629613711125,0.378131327654764,9.38888888888889,11.7391304347826,60,37,4.88659793814433,0.633333333333333,NA,NA,28.8428384866848,0.25047635162174,25.5659411434422,15.2,414,154,4.88659793814433,0.405797101449275,0.61,0.621174603174603,34.6055598976743,0.239148714119584,34.1606578760162,42.4727793696275,474,167,4.88659793814433,0.383966244725738,0.615,0.61648,34.9988161493994,0.240959198784011,34.9775362318841,43.1355498721228,182,105,6.13235294117647,0.659340659340659,0.77,0.754457831325301,37.0151051597703,0.18818512528581,113.895990097397,103.2,651,206,6.13235294117647,0.356374807987711,0.64,0.635996376811594,35.2081313193439,0.237916553940207,45.3822115384615,54.0396396396396,834,252,6.13235294117647,0.350119904076739,0.63875,0.647632653061225,35.9249694090512,0.231112221185454,48.0021285941143,52.2613803230543
C3I06,54,20,5.28358208955224,0.388888888888889,NA,NA,18.0165513273753,0.36968999684311,6.75,19.6842105263158,300,94,5.28358208955224,0.35,0.51,0.531641791044776,31.3060366708135,0.272585500199491,26.0817941952507,36.5304347826087,354,98,5.28358208955224,0.310734463276836,0.48,0.511019607843137,31.071342008575,0.279508448879673,19.5381303361406,30.156,15,3,Inf,0.2,NA,NA,3,0.710866825475937,5,NA,16,4,Inf,0.25,NA,NA,4,0.644391970667637,8,NA,31,5,Inf,0.161290322580645,NA,NA,5,0.596879924636226,6.66093578269744,NA,39,17,5.47169811320755,0.461538461538462,NA,NA,18,0.364206274472989,6.87079037800687,17.6666666666667,251,88,5.47169811320755,0.394422310756972,0.565,0.533355263157895,31.31487030865,0.264886115094689,36.6041666666667,38.2763819095477,290,91,5.47169811320755,0.355172413793103,0.525,0.516701570680628,30.8870750425736,0.272292673063115,25.9636752136752,31.0182648401826,NA,NA,NA,NA,NA,NA,NA,NA,NA,NA,18,13,2.25,0.722222222222222,NA,NA,13,0.299486921363133,13.5,NA,NA,NA,NA,NA,NA,NA,NA,NA,NA,NA
C3I07,58,43,5.55913978494624,0.810344827586207,NA,NA,36.1215970961888,0.171375731114832,60.8665588773642,NA,458,170,5.55913978494624,0.419213973799127,0.67,0.669192200557103,35.5667347606361,0.23092583017303,67.7638638528165,68.9697885196375,517,178,5.55913978494624,0.386847195357834,0.64,0.640502392344498,35.5653290183007,0.236680726988066,36.9285714285714,51.3564356435644,NA,NA,NA,NA,NA,NA,NA,NA,NA,NA,NA,NA,NA,NA,NA,NA,NA,NA,NA,NA,NA,NA,NA,NA,NA,NA,NA,NA,NA,NA,9,9,4.26190476190476,0.888888888888889,NA,NA,8,0.237014419132957,22.68,NA,170,100,4.26190476190476,0.617647058823529,0.74,0.72056338028169,35.4971194539882,0.205092810488154,65.3846153846154,90.2352941176471,179,102,4.26190476190476,0.597765363128492,0.74,0.716875,35.3580678195065,0.20983408152889,44.75,81.8173913043478,34,28,8.08571428571429,0.882352941176471,NA,NA,30,0.152236700673007,80.92,NA,249,118,8.08571428571429,0.51004016064257,0.62,0.651333333333333,35.4740622633013,0.225664108329507,54.3337863576077,58.1685393258427,283,126,8.08571428571429,0.473498233215548,0.615,0.632880434782609,35.3031271728172,0.23240540578804,36.1368597206054,42.3288288288288
C3I09,38,29,8.20833333333333,0.763157894736842,NA,NA,29,0.216875158531746,34.657064629099,NA,356,147,8.20833333333333,0.449438202247191,0.6,0.624124513618677,35.0150510413222,0.230985169152166,31.854774156661,45.4805653710247,394,156,8.20833333333333,0.428934010152284,0.566666666666667,0.616203389830508,34.9865379092349,0.233600071961585,37.3811936936937,43.6327868852459,29,22,8.16666666666667,0.758620689655172,NA,NA,22,0.236853806862595,16.8932396251673,NA,69,35,8.16666666666667,0.536231884057971,NA,NA,27.051844720249,0.282914895417502,14.1990361445783,18.9,98,47,8.16666666666667,0.5,NA,NA,29.115864956062,0.275539785078629,24.7336757153338,34.4,4,3,8.81818181818182,0.75,NA,NA,3,0.587095547863843,4,NA,288,125,8.81818181818182,0.472222222222222,0.61,0.626190476190476,34.5068314602702,0.232104417301274,39.4170661553212,43.5751072961373,291,125,8.81818181818182,0.467353951890034,0.61,0.619166666666667,34.4406178389339,0.233274891489318,41.5714285714286,42.0043103448276,NA,NA,NA,NA,NA,NA,NA,NA,NA,NA,NA,NA,NA,NA,NA,NA,NA,NA,NA,NA,NA,NA,NA,NA,NA,NA,NA,NA,NA,NA
C3I10,37,27,6.55789473684211,0.756756756756757,NA,NA,28,0.221854966415809,29.0819479606188,NA,586,179,6.55789473684211,0.337883959044369,0.582,0.574866529774127,33.7774351143993,0.248009068858393,34.2918753401137,41.125,623,181,6.55789473684211,0.321027287319422,0.566666666666667,0.564293893129771,33.7779080516245,0.251375451278326,28.4796434388676,37.6995614035088,NA,NA,NA,NA,NA,NA,NA,NA,NA,NA,13,10,3.25,0.769230769230769,NA,NA,10,0.30302704460347,14.3866666666667,NA,NA,NA,NA,NA,NA,NA,NA,NA,NA,NA,22,18,3.94736842105263,0.818181818181818,NA,NA,18,0.219909936128707,25.0452631578947,NA,128,71,3.94736842105263,0.59375,0.61,0.632758620689655,33.6302924978938,0.225801552862629,51.2640322174679,49.5076923076923,150,74,3.94736842105263,0.526666666666667,0.57,0.607843137254902,33.2216344857183,0.242497661554011,27.8416196988647,38.8333333333333,15,11,8.24528301886792,0.733333333333333,NA,NA,11,0.312061704735338,15,10,422,137,8.24528301886792,0.35781990521327,0.56,0.559628482972136,33.0356901191527,0.254477692882533,32.8090273891563,36.5622775800712,437,138,8.24528301886792,0.347826086956522,0.555,0.549467455621302,33.0633925576032,0.256479009208106,28.6694550507219,35.8611111111111
C3I11,44,20,9.48039215686275,0.5,NA,NA,21.4947145877378,0.333847157748617,10.4477911646586,20.75,923,230,9.48039215686275,0.29035752979415,0.565555555555556,0.574101941747573,34.7250008743127,0.247149624991273,29.825825097893,41.6534788540246,967,235,9.48039215686275,0.282316442605998,0.575555555555556,0.570576036866359,34.6508813770067,0.248247063272894,28.6751518629695,38.3577127659574,11,4,7.66666666666667,0.363636363636364,NA,NA,4,0.63647630303931,4.65123456790123,NA,12,4,7.66666666666667,0.333333333333333,NA,NA,4,0.640058975962218,4,NA,23,8,7.66666666666667,0.347826086956522,NA,NA,8,0.497329969230224,6.07367549668874,NA,28,17,6.98550724637681,0.678571428571429,NA,NA,19,0.283570335616159,24.5686274509804,23.6666666666667,454,147,6.98550724637681,0.363436123348018,0.57,0.576985915492958,33.9978458627235,0.249525124897302,28.8551923076923,40.4753623188406,482,152,6.98550724637681,0.350622406639004,0.58,0.575456919060052,33.8534382919874,0.251451318321463,28.8259032634033,35.931129476584,5,4,15.5769230769231,0.8,NA,NA,4,0.445374950551462,6,NA,400,137,15.5769230769231,0.39,0.5775,0.577209302325581,33.9135918345347,0.245759347248169,37.1372740595994,40,405,137,15.5769230769231,0.385185185185185,0.5725,0.576993464052288,33.7681840270954,0.246863332144773,35.5000305185941,40.0747663551402
C3I12,70,30,4.6890756302521,0.428571428571429,NA,NA,22.7480857454185,0.328768926047618,10.5593891402715,12.1111111111111,490,156,4.6890756302521,0.363265306122449,0.57,0.57616368286445,34.6951723196487,0.246508480829532,30.625,40.5215189873418,558,167,4.6890756302521,0.344086021505376,0.554,0.564444444444444,34.5313357788434,0.247825379186972,28.9223636247362,43.2792362768496,39,10,4.60975609756098,0.256410256410256,NA,NA,10,0.483203044807087,6.6625,12.1111111111111,153,56,4.60975609756098,0.398692810457516,0.54,0.458888888888889,28.3657675367574,0.289263105421258,19.125,21.2307692307692,189,59,4.60975609756098,0.349206349206349,0.51,0.445666666666667,27.1869306983176,0.296933162163725,17.5821712268314,20.5,3,2,9.31818181818182,0.666666666666667,NA,NA,2,0.879508691220486,3,NA,202,91,9.31818181818182,0.504950495049505,0.61,0.534466019417476,33.8023349438015,0.23629749222591,32.2104959630911,33.1293103448276,205,92,9.31818181818182,0.502439024390244,0.605,0.537264150943396,33.9330781398039,0.236501256068946,29.9782368609108,33.6694915254237,28,21,3,0.75,NA,NA,21,0.244248888373134,24.3160153256705,NA,118,78,3,0.686440677966102,0.7,0.700526315789474,35.5354690199984,0.195099881214751,77.9466574564433,70.1666666666667,147,90,3,0.639455782312925,0.7,0.699791666666667,35.9537652773374,0.203324796393729,69.5864027601901,77.078431372549
C3I14,60,35,2.85234899328859,0.583333333333333,NA,NA,27.3604090724509,0.272092411037458,13.6231633535004,25.3636363636364,364,120,2.85234899328859,0.354395604395604,0.556666666666667,0.565169811320755,32.4635487439905,0.262075397710656,29.5646119674269,32.6047297297297,425,129,2.85234899328859,0.334117647058824,0.53,0.56180981595092,32.5336220169315,0.262518387787923,24.2204301075269,30.8819875776398,12,8,2.125,0.666666666666667,NA,NA,8,0.388843201110861,9,NA,56,28,2.125,0.5,NA,NA,22.9115511384657,0.313846106061522,14,14.8064516129032,68,34,2.125,0.5,NA,NA,24.2687760992418,0.299404822063873,13.7489051094891,14.3636363636364,20,16,3.38636363636364,0.8,NA,NA,16,0.239274830062035,28,NA,130,64,3.38636363636364,0.507692307692308,0.53,0.524516129032258,30.2615003698199,0.256670009912729,40.0224123879381,30.2608695652174,149,70,3.38636363636364,0.483221476510067,0.51,0.5112,30.4145123139637,0.258610456929049,38.0243435448578,30.5731707317073,28,14,3.15873015873016,0.5,NA,NA,14,0.379130677546249,7.39403973509934,12.5,171,76,3.15873015873016,0.47953216374269,0.59,0.582083333333333,32.2573777428606,0.253006340375257,38.475,36.5153846153846,199,81,3.15873015873016,0.447236180904523,0.6,0.5665,32.0863270920401,0.257151716798265,27.6388888888889,31.3405797101449
C3I16,NA,NA,NA,NA,NA,NA,NA,NA,NA,NA,584,175,4.52713178294574,0.339041095890411,0.586,0.581113402061856,33.5734884758005,0.247750944292194,27.3879995170832,38.9933035714286,NA,NA,NA,NA,NA,NA,NA,NA,NA,NA,NA,NA,NA,NA,NA,NA,NA,NA,NA,NA,6,2,3,0.333333333333333,NA,NA,2,0.887667587608868,3,NA,NA,NA,NA,NA,NA,NA,NA,NA,NA,NA,NA,NA,NA,NA,NA,NA,NA,NA,NA,NA,205,90,3.53448275862069,0.468292682926829,0.585,0.575566037735849,32.9200118540596,0.248298827645121,29.340250066507,43.7698412698413,NA,NA,NA,NA,NA,NA,NA,NA,NA,NA,NA,NA,NA,NA,NA,NA,NA,NA,NA,NA,315,123,5.83333333333333,0.438095238095238,0.603333333333333,0.593935185185185,33.4791733778441,0.239638527600339,33.6441702550513,38.7801724137931,NA,NA,NA,NA,NA,NA,NA,NA,NA,NA
C3I18,163,57,4.86301369863014,0.368098159509202,0.44,0.4496875,28.9935060839012,0.297811249568144,15.5590909090909,18.3775510204082,192,90,4.86301369863014,0.494791666666667,0.56,0.565161290322581,32.0010933323159,0.242101546748474,29.0542712773895,26.7862595419847,355,123,4.86301369863014,0.363380281690141,0.51,0.5237109375,32.9104954049489,0.259997312812235,25.3571428571429,27.6077586206897,37,14,5.875,0.378378378378378,NA,NA,14,0.414278326095769,11.6129283489097,12.5625,10,9,5.875,0.9,NA,NA,9,0.21391000575166,28,NA,47,22,5.875,0.468085106382979,NA,NA,20.5707678075856,0.343385089747872,15.6666666666667,17.6086956521739,11,10,6.86666666666667,1,NA,NA,11,0,Inf,NA,92,51,6.86666666666667,0.576086956521739,NA,NA,30.2449875821142,0.24921204939619,25.3979244462441,19.0425531914894,103,54,6.86666666666667,0.563106796116505,0.56,0.56,30.3122558356486,0.248111906711466,24.4729981774372,21.4905660377358,100,44,4.15217391304348,0.44,0.44,NA,28.2449398322952,0.298557918800445,15.193394516979,18.5416666666667,91,55,4.15217391304348,0.615384615384615,NA,NA,32.3235641393828,0.234394089473015,43.8000109567145,27.2448979591837,191,85,4.15217391304348,0.450261780104712,0.48,0.503586956521739,33.0708746230071,0.258072578809342,34.0327272727273,24.2840909090909
C3I20,146,59,6.12295081967213,0.445205479452055,0.52,0.52936170212766,30.1575198066904,0.273903271914312,20.3033573141487,28.4516129032258,601,174,6.12295081967213,0.316139767054908,0.55,0.577051792828685,32.0898328670983,0.254488733437171,26.1304347826087,41.8250591016548,747,195,6.12295081967213,0.2904953145917,0.544285714285714,0.561898148148148,32.8397821512517,0.255003879617988,23.7387980769231,36.4351687388988,NA,NA,NA,NA,NA,NA,NA,NA,NA,NA,27,7,3.85714285714286,0.259259259259259,NA,NA,7,0.534930343278047,7.3895822720326,NA,NA,NA,NA,NA,NA,NA,NA,NA,NA,NA,5,5,6.3,1,NA,NA,5,0,Inf,NA,247,94,6.3,0.421052631578947,0.53,0.533716216216216,29.8489665469292,0.256160327319503,24.1546860884304,29.975,252,94,6.3,0.420634920634921,0.545,0.538954248366013,29.998170890201,0.25537829810907,25.4731487443657,31.0725806451613,93,42,7.10714285714286,0.505376344086022,NA,NA,27.0064253149584,0.276564554970998,28.292576419214,17.0857142857143,305,122,7.10714285714286,0.419672131147541,0.586666666666667,0.577330097087379,32.5403280674186,0.247182899036297,28.4831228941775,38.640350877193,398,141,7.10714285714286,0.376884422110553,0.543333333333333,0.58685618729097,32.8088557304323,0.250393162254318,29.8998638866547,35.6433333333333
